商品名,商品ページへのURL,商品名（詳細）,価格,発送リードタイム（納期）,ASIN
【Amazon.co.jp限定】タオル研究所 [ボリュームリッチ] #003 バスタオル サンドベージュ…,https://www.amazon.co.jp/%E3%80%90Amazon-co-jp%E9%99%90%E5%AE%9A%E3%80%91%E3%82%BF%E3%82%AA%E3%83%AB%E7%A0%94%E7%A9%B6%E6%89%80-%E3%83%9C%E3%83%AA%E3%83%A5%E3%83%BC%E3%83%A0%E3%83%AA%E3%83%83%E3%83%81-003-%E3%82%B5%E3%83%B3%E3%83%89%E3%83%99%E3%83%BC%E3%82%B8%E3%83%A5-Technology/dp/B086WBLKTB/ref=zg_bs_kitchen_1/357-1038217-9181800?_encoding=UTF8&psc=1&refRID=B48B0SQDVA47W38BPT2R,【Amazon.co.jp限定】タオル研究所 [ボリュームリッチ] #003 バスタオル サンドベージュ 2枚セット ふかふか ホテル仕様 高速吸水 耐久性 人気 [毛羽レス] 【選べる5色】 Japan Technology,1229,5月30日 日曜日,B086WBLKTB
ブリタ 浄水 ポット カートリッジ マクストラ プラス 10個(4個+6個)セット 【日本仕様・…,https://www.amazon.co.jp/%E3%83%96%E3%83%AA%E3%82%BF-%E3%83%9D%E3%83%83%E3%83%88-%E3%82%AB%E3%83%BC%E3%83%88%E3%83%AA%E3%83%83%E3%82%B8-%E3%83%9E%E3%82%AF%E3%82%B9%E3%83%88%E3%83%A9-%E3%80%90%E6%97%A5%E6%9C%AC%E4%BB%95%E6%A7%98%E3%83%BB%E6%97%A5%E6%9C%AC%E6%AD%A3%E8%A6%8F%E5%93%81%E3%80%91/dp/B08Y927771/ref=zg_bs_kitchen_2/357-1038217-9181800?_encoding=UTF8&psc=1&refRID=B48B0SQDVA47W38BPT2R,ブリタ 浄水 ポット カートリッジ マクストラ プラス 10個(4個+6個)セット 【日本仕様・日本正規品】 塩素 水垢 不純物 除去,7070,本日,B08Y927771
【セット買い】パナソニック フェイスシェーバー フェリエ 白 ES-WF61-W & フェイスシェ…,https://www.amazon.co.jp/%E3%80%90%E3%82%BB%E3%83%83%E3%83%88%E8%B2%B7%E3%81%84%E3%80%91%E3%83%91%E3%83%8A%E3%82%BD%E3%83%8B%E3%83%83%E3%82%AF-%E3%83%95%E3%82%A7%E3%82%A4%E3%82%B9%E3%82%B7%E3%82%A7%E3%83%BC%E3%83%90%E3%83%BC-%E3%83%95%E3%82%A7%E3%83%AA%E3%82%A8-ES-WF61-W-ES-WF51-N/dp/B08XQ4VCTH/ref=zg_bs_kitchen_3/357-1038217-9181800?_encoding=UTF8&psc=1&refRID=B48B0SQDVA47W38BPT2R,【セット買い】パナソニック フェイスシェーバー フェリエ 白 ES-WF61-W & フェイスシェーバー フェリエ ウブ毛用 ゴールド ES-WF51-N,8300,5月30日 - 31日,B08XQ4VCTH
【Amazon.co.jp限定】タオル研究所 [毎日シンプル] #001 バスタオル ジェットブラック 2…,https://www.amazon.co.jp/%E3%82%BF%E3%82%AA%E3%83%AB%E7%A0%94%E7%A9%B6%E6%89%80-%E6%AF%8E%E6%97%A5%E3%82%B7%E3%83%B3%E3%83%97%E3%83%AB-001-%E3%82%B8%E3%82%A7%E3%83%83%E3%83%88%E3%83%96%E3%83%A9%E3%83%83%E3%82%AF-%E7%B4%8460%C3%97120%E3%8E%9D/dp/B07X8TQ9VL/ref=zg_bs_kitchen_4/357-1038217-9181800?_encoding=UTF8&psc=1&refRID=B48B0SQDVA47W38BPT2R,【Amazon.co.jp限定】タオル研究所 [毎日シンプル] #001 バスタオル ジェットブラック 2枚セット 高速吸水 速乾 耐久性 人気 大判 [毛羽レス] 【選べる7色】 Japan Technology,1437,5月30日 日曜日,B07X8TQ9VL
アイリスオーヤマ LED電球 口金直径26mm 広配光 40W形相当 昼光色 2個パック 密閉器具…,https://www.amazon.co.jp/%E3%82%A2%E3%82%A4%E3%83%AA%E3%82%B9%E3%82%AA%E3%83%BC%E3%83%A4%E3%83%9E-%E5%8F%A3%E9%87%91%E7%9B%B4%E5%BE%8426mm-40W%E5%BD%A2%E7%9B%B8%E5%BD%93-%E5%AF%86%E9%96%89%E5%99%A8%E5%85%B7%E5%AF%BE%E5%BF%9C-LDA4D-G-4T62P/dp/B07NQ61XT9/ref=zg_bs_kitchen_5/357-1038217-9181800?_encoding=UTF8&psc=1&refRID=B48B0SQDVA47W38BPT2R,アイリスオーヤマ LED電球 口金直径26mm 広配光 40W形相当 昼光色 2個パック 密閉器具対応 LDA4D-G-4T62P,833,6月19日 - 29日,アイリスオーヤマ(IRIS OHYAMA)
タイガー魔法瓶 水筒 ワンタッチ マグボトル 6時間保温保冷 200ml 在宅 タンブラー利用可…,https://www.amazon.co.jp/%E3%82%BF%E3%82%A4%E3%82%AC%E3%83%BC%E9%AD%94%E6%B3%95%E7%93%B6-TIGER-%E3%83%9E%E3%82%B0%E3%83%9C%E3%83%88%E3%83%AB-MMX-A022GI-%E3%82%A2%E3%82%A4%E3%82%B9%E3%82%B0%E3%83%AA%E3%83%BC%E3%83%B3/dp/B08D92GKFR/ref=zg_bs_kitchen_6/357-1038217-9181800?_encoding=UTF8&psc=1&refRID=B48B0SQDVA47W38BPT2R,タイガー魔法瓶 水筒 ワンタッチ マグボトル 6時間保温保冷 200ml 在宅 タンブラー利用可 アイスグリーンMMX-A022GI,2191,5月30日 日曜日,B08D92GKFR
セラーメイト 密封瓶 保存容器 0.5L ガラス 日本製 220001,https://www.amazon.co.jp/%E3%82%BB%E3%83%A9%E3%83%BC%E3%83%A1%E3%82%A4%E3%83%88-%E5%AF%86%E5%B0%81%E3%81%B3%E3%82%93-0-5L-%E6%97%A5%E6%9C%AC%E8%A3%BD-220001/dp/B000FCHGUA/ref=zg_bs_kitchen_7/357-1038217-9181800?_encoding=UTF8&psc=1&refRID=B48B0SQDVA47W38BPT2R,セラーメイト 密封瓶 保存容器 0.5L ガラス 日本製 220001,1000,5月30日 日曜日,星硝(Seisho)
シャープ 除湿機 衣類乾燥 7.1L / プラズマクラスター 7000 スタンダード 8畳 / 2020年モ…,https://www.amazon.co.jp/%E3%82%B7%E3%83%A3%E3%83%BC%E3%83%97-%E3%82%B3%E3%83%B3%E3%82%AF%E3%83%AA%E3%83%BC%E3%83%88%E9%80%A018%E7%95%B3%E3%81%BE%E3%81%A7-SHARP%E3%80%8C%E9%AB%98%E6%BF%83%E5%BA%A6%E3%83%97%E3%83%A9%E3%82%BA%E3%83%9E%E3%82%AF%E3%83%A9%E3%82%B9%E3%82%BF%E3%83%BC7000%E3%80%8D%E6%90%AD%E8%BC%89-%E3%82%B3%E3%83%B3%E3%83%97%E3%83%AC%E3%83%83%E3%82%B5%E3%83%BC%E6%96%B9%E5%BC%8F-CV-L71-W/dp/B086YFXLZ2/ref=zg_bs_kitchen_8/357-1038217-9181800?_encoding=UTF8&psc=1&refRID=B48B0SQDVA47W38BPT2R,シャープ 除湿機 衣類乾燥 7.1L / プラズマクラスター 7000 スタンダード 8畳 / 2020年モデル ホワイト CV-L71-W,24800,6月1日 - 3日,シャープ
オムロン 電子体温計 スピード検温15秒予測 けんおんくん MC-688 ホワイト,https://www.amazon.co.jp/%E3%82%AA%E3%83%A0%E3%83%AD%E3%83%B3-OMRON-MC-688-MC-688%E3%80%9015%E7%A7%92%E4%BA%88%E6%B8%AC%E6%A4%9C%E6%B8%A9%E3%80%91-%E3%83%95%E3%83%A9%E3%82%B9%E3%83%88%E3%83%AC%E3%83%BC%E3%82%B7%E3%83%A7%E3%83%B3%E3%83%95%E3%83%AA%E3%83%BC%E3%83%91%E3%83%83%E3%82%B1%E3%83%BC%E3%82%B8/dp/B076Q5WCPP/ref=zg_bs_kitchen_9/357-1038217-9181800?_encoding=UTF8&psc=1&refRID=B48B0SQDVA47W38BPT2R,オムロン 電子体温計 スピード検温15秒予測 けんおんくん MC-688 ホワイト,1773,5月30日 日曜日,B076Q5WCPP
【セット買い】SALONIA サロニア ストレートヘアアイロン グレー 24mm アイロン 家電…,https://www.amazon.co.jp/%E3%80%90%E3%82%BB%E3%83%83%E3%83%88%E8%B2%B7%E3%81%84%E3%80%91SALONIA-%E3%82%B5%E3%83%AD%E3%83%8B%E3%82%A2-%E3%82%B9%E3%83%88%E3%83%AC%E3%83%BC%E3%83%88%E3%83%98%E3%82%A2%E3%82%A2%E3%82%A4%E3%83%AD%E3%83%B3-MAX230%E2%84%83-SL-004SGR/dp/B08ZJB6MDK/ref=zg_bs_kitchen_10/357-1038217-9181800?_encoding=UTF8&psc=1&refRID=B48B0SQDVA47W38BPT2R,【セット買い】SALONIA サロニア ストレートヘアアイロン グレー 24mm アイロン 家電 美容 美容家電 ヘアケア MAX230℃ プロ仕様 SL-004SGR & セラミック カール ヘアアイロン 19mm ホワイト 海外対応 プロ仕様 MAX210℃,6246,"明日5月 29日, 8AM-12PM",B08ZJB6MDK
SwitchBot スイッチボット スマートホーム 学習リモコン Alexa - Google Home IFTTT イ…,https://www.amazon.co.jp/SwitchBot-%E3%82%B9%E3%82%A4%E3%83%83%E3%83%81%E3%83%9C%E3%83%83%E3%83%88-%E3%82%B9%E3%83%9E%E3%83%BC%E3%83%88%E3%83%9B%E3%83%BC%E3%83%A0-%E5%AD%A6%E7%BF%92%E3%83%AA%E3%83%A2%E3%82%B3%E3%83%B3-Alexa/dp/B07TTH5TMW/ref=zg_bs_kitchen_11/357-1038217-9181800?_encoding=UTF8&psc=1&refRID=B48B0SQDVA47W38BPT2R,SwitchBot スイッチボット スマートホーム 学習リモコン Alexa - Google Home IFTTT イフト Siriに対応 SwitchBot Hub Mini,3980,5月30日 日曜日,B07TTH5TMW
オムロン 体重・体組成計 自動認識機能 HBF-226-G,https://www.amazon.co.jp/%E3%82%AA%E3%83%A0%E3%83%AD%E3%83%B3-OMRON-HBF-226-G-%E4%BD%93%E9%87%8D%E4%BD%93%E7%B5%84%E6%88%90%E8%A8%88/dp/B01NBXO7XY/ref=zg_bs_kitchen_12/357-1038217-9181800?_encoding=UTF8&psc=1&refRID=B48B0SQDVA47W38BPT2R,オムロン 体重・体組成計 自動認識機能 HBF-226-G,5175,,B01NBXO7XY
パナソニック エチケットカッター 白 ER-GN11-W,https://www.amazon.co.jp/%E3%83%91%E3%83%8A%E3%82%BD%E3%83%8B%E3%83%83%E3%82%AF-Panasonic-ER-GN11-W-%E3%82%A8%E3%83%81%E3%82%B1%E3%83%83%E3%83%88%E3%82%AB%E3%83%83%E3%82%BF%E3%83%BC-%E7%99%BD/dp/B07XTJGG9Y/ref=zg_bs_kitchen_13/357-1038217-9181800?_encoding=UTF8&psc=1&refRID=B48B0SQDVA47W38BPT2R,パナソニック エチケットカッター 白 ER-GN11-W,1164,5月30日 日曜日,B07XTJGG9Y
タニタ クッキングスケール キッチン はかり 料理 デジタル 1kg 0.5g単位 ストーンホワイト…,https://www.amazon.co.jp/%E3%82%BF%E3%83%8B%E3%82%BF-%E3%82%AD%E3%83%83%E3%83%81%E3%83%B3%E3%82%B9%E3%82%B1%E3%83%BC%E3%83%AB-0-5g%E5%8D%98%E4%BD%8D-%E3%82%B9%E3%83%88%E3%83%BC%E3%83%B3%E3%83%9B%E3%83%AF%E3%82%A4%E3%83%88-%E3%81%99%E3%81%90%E3%81%AB%E3%83%94%E3%82%BF%E3%83%83%E3%81%A8%E3%81%AF%E3%81%8B%E3%82%8C%E3%82%8B/dp/B087C3K94F/ref=zg_bs_kitchen_14/357-1038217-9181800?_encoding=UTF8&psc=1&refRID=B48B0SQDVA47W38BPT2R,タニタ クッキングスケール キッチン はかり 料理 デジタル 1kg 0.5g単位 ストーンホワイト KJ-114 SWH すぐにピタッとはかれる,1920,5月30日 日曜日,B087C3K94F
【Amazon.co.jp限定】山善 扇風機 30cm リビング扇 押しボタンスイッチ 風量調節3段階 タ…,https://www.amazon.co.jp/%E3%80%90Amazon-co-jp%E9%99%90%E5%AE%9A%E3%80%91%E5%B1%B1%E5%96%84-%E6%8A%BC%E3%81%97%E3%83%9C%E3%82%BF%E3%83%B3%E3%82%B9%E3%82%A4%E3%83%83%E3%83%81-%E9%A2%A8%E9%87%8F%E8%AA%BF%E7%AF%803%E6%AE%B5%E9%9A%8E-%E3%82%BF%E3%82%A4%E3%83%9E%E3%83%BC%E6%A9%9F%E8%83%BD%E4%BB%98%E3%81%8D-AMT-KC30/dp/B07PT46Y3X/ref=zg_bs_kitchen_15/357-1038217-9181800?_encoding=UTF8&psc=1&refRID=B48B0SQDVA47W38BPT2R,【Amazon.co.jp限定】山善 扇風機 30cm リビング扇 押しボタンスイッチ 風量調節3段階 タイマー機能付き 換気 ホワイト AMT-KC30(W),3250,5月30日 日曜日,B07PT46Y3X
SALONIA サロニア スピーディーイオンドライヤー グレー ヘアドライヤー 大風量 速乾 マイ…,https://www.amazon.co.jp/SALONIA-%E3%82%B5%E3%83%AD%E3%83%8B%E3%82%A2-%E3%82%B9%E3%83%94%E3%83%BC%E3%83%87%E3%82%A3%E3%83%BC%E3%82%A4%E3%82%AA%E3%83%B3%E3%83%89%E3%83%A9%E3%82%A4%E3%83%A4%E3%83%BC-%E3%83%A1%E3%83%BC%E3%82%AB%E3%83%BC1%E5%B9%B4%E4%BF%9D%E8%A8%BC-SL-013GR/dp/B08GLRXL8T/ref=zg_bs_kitchen_16/357-1038217-9181800?_encoding=UTF8&psc=1&refRID=B48B0SQDVA47W38BPT2R,SALONIA サロニア スピーディーイオンドライヤー グレー ヘアドライヤー 大風量 速乾 マイナスイオン コンパクト 軽量 メーカー1年保証 SL-013GR,4949,5月30日 日曜日,B08GLRXL8T
サーモス 水筒 真空断熱ケータイマグ ワンタッチオープンタイプ アイスグリーン 350ml…,https://www.amazon.co.jp/%E3%82%B5%E3%83%BC%E3%83%A2%E3%82%B9-%E7%9C%9F%E7%A9%BA%E6%96%AD%E7%86%B1%E3%82%B1%E3%83%BC%E3%82%BF%E3%82%A4%E3%83%9E%E3%82%B0-%E3%83%AF%E3%83%B3%E3%82%BF%E3%83%83%E3%83%81%E3%82%AA%E3%83%BC%E3%83%97%E3%83%B3%E3%82%BF%E3%82%A4%E3%83%97-JNR-351-IG/dp/B07VGPGHDJ/ref=zg_bs_kitchen_17/357-1038217-9181800?_encoding=UTF8&psc=1&refRID=B48B0SQDVA47W38BPT2R,サーモス 水筒 真空断熱ケータイマグ ワンタッチオープンタイプ アイスグリーン 350ml JNR-351 IG,1791,5月30日 日曜日,B07VGPGHDJ
【セット買い】ブリタ 浄水器 ポット 浄水部容量:1.1L(全容量:2.2L) リクエリ マクストラプ…,https://www.amazon.co.jp/%E3%80%90%E3%82%BB%E3%83%83%E3%83%88%E8%B2%B7%E3%81%84%E3%80%91%E3%83%96%E3%83%AA%E3%82%BF-%E6%B5%84%E6%B0%B4%E5%99%A8-%E3%83%9D%E3%83%83%E3%83%88-%E6%B5%84%E6%B0%B4%E9%83%A8%E5%AE%B9%E9%87%8F-%E3%80%90%E6%97%A5%E6%9C%AC%E4%BB%95%E6%A7%98%E3%83%BB%E6%97%A5%E6%9C%AC%E6%AD%A3%E8%A6%8F%E5%93%81%E3%80%91/dp/B08TB4VTMR/ref=zg_bs_kitchen_18/357-1038217-9181800?_encoding=UTF8&psc=1&refRID=B48B0SQDVA47W38BPT2R,【セット買い】ブリタ 浄水器 ポット 浄水部容量:1.1L(全容量:2.2L) リクエリ マクストラプラス カートリッジ 1個付き 【日本正規品】塩素 水垢 不純物 除去 & 浄水 ポット カートリッジ マクストラ プラス 6個セット 【日本仕様・日本正規品】 塩素 水垢 不純物 除去,7463,本日,B08TB4VTMR
ハウスホールドジャパン レジ袋 とって付 ゴミ分別用ポリ袋 100枚入 白 TR25 約15×35×…,https://www.amazon.co.jp/%E3%83%8F%E3%82%A6%E3%82%B9%E3%83%9B%E3%83%BC%E3%83%AB%E3%83%89%E3%82%B8%E3%83%A3%E3%83%91%E3%83%B3-%E3%82%B4%E3%83%9F%E5%88%86%E5%88%A5%E7%94%A8%E3%83%9D%E3%83%AA%E8%A2%8B-100%E6%9E%9A%E5%85%A5-TR25-%E7%B4%8415%C3%9735%C3%97%E3%83%9E%E3%83%8110cm/dp/B08367PFL2/ref=zg_bs_kitchen_19/357-1038217-9181800?_encoding=UTF8&psc=1&refRID=B48B0SQDVA47W38BPT2R,ハウスホールドジャパン レジ袋 とって付 ゴミ分別用ポリ袋 100枚入 白 TR25 約15×35×マチ10cm,110,5月30日 日曜日,B08367PFL2
KLOUDIC 除湿機 除湿器 小型 1000ml大容量 半導体式 省エネ ワンタッチの操作 強力除湿…,https://www.amazon.co.jp/KLOUDIC-1000ml%E5%A4%A7%E5%AE%B9%E9%87%8F-%E3%83%AF%E3%83%B3%E3%82%BF%E3%83%83%E3%83%81%E3%81%AE%E6%93%8D%E4%BD%9C-%E8%87%AA%E5%8B%95%E5%81%9C%E6%AD%A2%E6%A9%9F%E8%83%BD%E4%BB%98%E3%81%8D-%E6%97%A5%E6%9C%AC%E8%AA%9E%E8%AA%AC%E6%98%8E%E6%9B%B8%E4%BB%98/dp/B08ZY72DWL/ref=zg_bs_kitchen_20/357-1038217-9181800?_encoding=UTF8&psc=1&refRID=B48B0SQDVA47W38BPT2R,KLOUDIC 除湿機 除湿器 小型 1000ml大容量 半導体式 省エネ ワンタッチの操作 強力除湿 梅雨対策 部屋干し 自動停止機能付き 7色ライト 静音作業 洗面台 脱衣所 キッチン オフィス 日本語説明書付 ホワイト,5999,5月30日 日曜日,B08ZY72DWL
アイリスオーヤマ サーキュレーター 静音 首振り固定 8畳 パワフル送風 ホワイト PCF…,https://www.amazon.co.jp/%E3%82%A2%E3%82%A4%E3%83%AA%E3%82%B9%E3%82%AA%E3%83%BC%E3%83%A4%E3%83%9E-%E3%82%B5%E3%83%BC%E3%82%AD%E3%83%A5%E3%83%AC%E3%83%BC%E3%82%BF%E3%83%BC-8%E7%95%B3-%E3%83%9B%E3%83%AF%E3%82%A4%E3%83%88-PCF-HD15N-W/dp/B01CY3SO4Y/ref=zg_bs_kitchen_21/357-1038217-9181800?_encoding=UTF8&psc=1&refRID=B48B0SQDVA47W38BPT2R,アイリスオーヤマ サーキュレーター 静音 首振り固定 8畳 パワフル送風 ホワイト PCF-HD15N-W,2380,5月30日 - 31日,B01CY3SO4Y
パナソニック 除毛器 フェリエ VIO専用シェーバー 防水 シルバー調 ES-WV60-S,https://www.amazon.co.jp/%E3%83%91%E3%83%8A%E3%82%BD%E3%83%8B%E3%83%83%E3%82%AF-%E3%83%95%E3%82%A7%E3%83%AA%E3%82%A8-VIO%E5%B0%82%E7%94%A8%E3%82%B7%E3%82%A7%E3%83%BC%E3%83%90%E3%83%BC-%E3%82%B7%E3%83%AB%E3%83%90%E3%83%BC%E8%AA%BF-ES-WV60-S/dp/B085FB1YSZ/ref=zg_bs_kitchen_22/357-1038217-9181800?_encoding=UTF8&psc=1&refRID=B48B0SQDVA47W38BPT2R,パナソニック 除毛器 フェリエ VIO専用シェーバー 防水 シルバー調 ES-WV60-S,4673,5月30日 日曜日,B085FB1YSZ
オムロン上腕式血圧計 ホワイト HCR-7104,https://www.amazon.co.jp/%E3%82%AA%E3%83%A0%E3%83%AD%E3%83%B3-OMRON-HCR-7104-%E3%82%AA%E3%83%A0%E3%83%AD%E3%83%B3%E4%B8%8A%E8%85%95%E5%BC%8F%E8%A1%80%E5%9C%A7%E8%A8%88-%E3%83%9B%E3%83%AF%E3%82%A4%E3%83%88/dp/B07ZVL1D9F/ref=zg_bs_kitchen_23/357-1038217-9181800?_encoding=UTF8&psc=1&refRID=B48B0SQDVA47W38BPT2R,オムロン上腕式血圧計 ホワイト HCR-7104,5980,5月30日 日曜日,B07ZVL1D9F
ティファール ケトル 1.2L ジャスティンプラス ホワイト たっぷり 空焚き防止 自動電源OFF…,https://www.amazon.co.jp/%E3%83%86%E3%82%A3%E3%83%95%E3%82%A1%E3%83%BC%E3%83%AB-%E9%9B%BB%E6%B0%97%E3%82%B1%E3%83%88%E3%83%AB-%E3%80%8C%E3%82%B8%E3%83%A3%E3%82%B9%E3%83%86%E3%82%A3%E3%83%B3-%E3%82%B7%E3%83%B3%E3%83%97%E3%83%AB%E3%83%A2%E3%83%87%E3%83%AB-KO340175/dp/B00LGM4T1W/ref=zg_bs_kitchen_24/357-1038217-9181800?_encoding=UTF8&psc=1&refRID=B48B0SQDVA47W38BPT2R,ティファール ケトル 1.2L ジャスティンプラス ホワイト たっぷり 空焚き防止 自動電源OFF 湯沸かし KO340175,3182,5月30日 - 31日,B00LGM4T1W
タニタ 非接触体温計 BT-54X アイボリー,https://www.amazon.co.jp/%E3%82%BF%E3%83%8B%E3%82%BF-Tanita-BT-540IV-%E9%9D%9E%E6%8E%A5%E8%A7%A6%E4%BD%93%E6%B8%A9%E8%A8%88-BT-54X/dp/B08J6Y258S/ref=zg_bs_kitchen_25/357-1038217-9181800?_encoding=UTF8&psc=1&refRID=B48B0SQDVA47W38BPT2R,タニタ 非接触体温計 BT-54X アイボリー,4280,6月1日 - 2日,B08J6Y258S
トイレ掃除 スクラビングバブル 流せる トイレブラシ 付け替え用36個セット (24個入…,https://www.amazon.co.jp/%E3%80%90Amazon-co-jp-%E9%99%90%E5%AE%9A%E3%80%91%E3%80%90%E3%81%BE%E3%81%A8%E3%82%81%E8%B2%B7%E3%81%84%E3%80%91-%E3%82%B9%E3%82%AF%E3%83%A9%E3%83%93%E3%83%B3%E3%82%B0%E3%83%90%E3%83%96%E3%83%AB-%E6%B5%81%E3%81%9B%E3%82%8B%E3%83%88%E3%82%A4%E3%83%AC%E3%83%96%E3%83%A9%E3%82%B7-%E4%BB%98%E6%9B%BF%E7%94%A836%E5%80%8B%E3%82%BB%E3%83%83%E3%83%88/dp/B085SJK6J3/ref=zg_bs_kitchen_26/357-1038217-9181800?_encoding=UTF8&psc=1&refRID=B48B0SQDVA47W38BPT2R,トイレ掃除 スクラビングバブル 流せる トイレブラシ 付け替え用36個セット (24個入り+12個入り) フローラルソープの香り まとめ買い 使い捨て 洗剤,1280,,B085SJK6J3
パナソニック ヘアドライヤー ナノケア ピンクゴールド EH-NA9E-PN,https://www.amazon.co.jp/%E3%83%91%E3%83%8A%E3%82%BD%E3%83%8B%E3%83%83%E3%82%AF-%E3%83%98%E3%82%A2%E3%83%89%E3%83%A9%E3%82%A4%E3%83%A4%E3%83%BC-%E3%83%8A%E3%83%8E%E3%82%B1%E3%82%A2-%E3%83%94%E3%83%B3%E3%82%AF%E3%82%B4%E3%83%BC%E3%83%AB%E3%83%89-EH-NA9E-PN/dp/B08F7VMVF9/ref=zg_bs_kitchen_27/357-1038217-9181800?_encoding=UTF8&psc=1&refRID=B48B0SQDVA47W38BPT2R,パナソニック ヘアドライヤー ナノケア ピンクゴールド EH-NA9E-PN,15490,,B08F7VMVF9
ニトムズ コロコロ 本体 S フロアクリン フローリング・カーペット対応 30周 1巻入 C2560,https://www.amazon.co.jp/%E3%83%8B%E3%83%88%E3%83%A0%E3%82%BA-C2560-%E3%82%B3%E3%83%AD%E3%82%B3%E3%83%AD-%E3%83%95%E3%83%AD%E3%82%A2%E3%82%AF%E3%83%AA%E3%83%B3S/dp/B001NA25QI/ref=zg_bs_kitchen_28/357-1038217-9181800?_encoding=UTF8&psc=1&refRID=B48B0SQDVA47W38BPT2R,ニトムズ コロコロ 本体 S フロアクリン フローリング・カーペット対応 30周 1巻入 C2560,513,5月30日 - 31日,B001NA25QI
体重計 INSMART 体脂肪計・体組成計 スマホ連動 強化ガラス採用 体重など多項指標 高精…,https://www.amazon.co.jp/INSMART-%E4%BD%93%E8%84%82%E8%82%AA%E3%83%BB%E4%BD%93%E7%B5%84%E6%88%90%E8%A8%88-BMI%E3%81%AA%E3%81%A9%E6%B8%AC%E5%AE%9A%E5%8F%AF%E8%83%BD-%E3%83%9C%E3%83%87%E3%82%A3%E3%82%B9%E3%82%B1%E3%83%BC%E3%83%AB-%E6%97%A5%E6%9C%AC%E8%AA%9E%E5%AF%BE%E5%BF%9CAPP%EF%BC%86%E5%8F%96%E6%89%B1%E8%AA%AC%E6%98%8E%E6%9B%B8/dp/B082SQX6TD/ref=zg_bs_kitchen_29/357-1038217-9181800?_encoding=UTF8&psc=1&refRID=B48B0SQDVA47W38BPT2R,体重計 INSMART 体脂肪計・体組成計 スマホ連動 強化ガラス採用 体重など多項指標 高精度 体重計 Bluetooth対応 ボディスケール(日本語対応APP＆日本語取扱説明書),1699,5月30日 日曜日,INSMART
GTRACING ゲーミングチェア オフィスチェア デスクチェア ゲーム用チェア リクライニング…,https://www.amazon.co.jp/GTRACING-%E3%82%B2%E3%83%BC%E3%83%9F%E3%83%B3%E3%82%B0%E3%83%81%E3%82%A7%E3%82%A2-%E3%82%AA%E3%83%95%E3%82%A3%E3%82%B9%E3%83%81%E3%82%A7%E3%82%A2-%E3%83%A9%E3%83%B3%E3%83%90%E3%83%BC%E3%82%B5%E3%83%9D%E3%83%BC%E3%83%88-GT002-ORANGE/dp/B092MLWRBV/ref=zg_bs_kitchen_30/357-1038217-9181800?_encoding=UTF8&psc=1&refRID=B48B0SQDVA47W38BPT2R,GTRACING ゲーミングチェア オフィスチェア デスクチェア ゲーム用チェア リクライニング パソコンチェア ハイバック ヘッドレスト ランバーサポート ひじ掛け付き 高さ調整機能 PUレザー (GT002-ORANGE),19800,5月30日 日曜日,B092MLWRBV
アイリスオーヤマ LEDシーリングライト 調光 ~6畳 (日本照明工業会基準) 3300lm 直…,https://www.amazon.co.jp/%E3%82%A2%E3%82%A4%E3%83%AA%E3%82%B9%E3%82%AA%E3%83%BC%E3%83%A4%E3%83%9E-LED-%E3%82%B7%E3%83%BC%E3%83%AA%E3%83%B3%E3%82%B0%E3%83%A9%E3%82%A4%E3%83%88-%E3%82%BF%E3%82%A4%E3%83%97-CL6D-5-0/dp/B01I0WV9TA/ref=zg_bs_kitchen_31/357-1038217-9181800?_encoding=UTF8&psc=1&refRID=B48B0SQDVA47W38BPT2R,アイリスオーヤマ LEDシーリングライト 調光 ~6畳 (日本照明工業会基準) 3300lm 直径45cm リモコン 省エネ 取付簡単 CL6D-5.0,3980,5月30日 日曜日,アイリスオーヤマ(IRIS OHYAMA)
パナソニック ラムダッシュ メンズシェーバー 3枚刃 お風呂剃り可 白 ES-ST2S-W,https://www.amazon.co.jp/%E3%83%91%E3%83%8A%E3%82%BD%E3%83%8B%E3%83%83%E3%82%AF-%E3%83%A9%E3%83%A0%E3%83%80%E3%83%83%E3%82%B7%E3%83%A5-%E3%83%A1%E3%83%B3%E3%82%BA%E3%82%B7%E3%82%A7%E3%83%BC%E3%83%90%E3%83%BC-%E3%81%8A%E9%A2%A8%E5%91%82%E5%89%83%E3%82%8A%E5%8F%AF-ES-ST2S-W/dp/B086R2JR64/ref=zg_bs_kitchen_32/357-1038217-9181800?_encoding=UTF8&psc=1&refRID=B48B0SQDVA47W38BPT2R,パナソニック ラムダッシュ メンズシェーバー 3枚刃 お風呂剃り可 白 ES-ST2S-W,7018,5月30日 日曜日,B086R2JR64
クイックルワイパー ブラックカラー フロア用掃除道具 本体+シート1種類(STRONG) 軽い力…,https://www.amazon.co.jp/%E3%82%AF%E3%82%A4%E3%83%83%E3%82%AF%E3%83%AB%E3%83%AF%E3%82%A4%E3%83%91%E3%83%BC-%E3%83%96%E3%83%A9%E3%83%83%E3%82%AF%E3%82%AB%E3%83%A9%E3%83%BC-%E3%83%95%E3%83%AD%E3%82%A2%E7%94%A8%E6%8E%83%E9%99%A4%E9%81%93%E5%85%B7-%E8%BB%BD%E3%81%84%E5%8A%9B%E3%81%A7%E3%82%B9%E3%82%A4%E3%82%B9%E3%82%A4%E3%81%8B%E3%82%93%E3%81%9F%E3%82%93-%E6%B1%9A%E3%82%8C%E3%82%92%E3%83%91%E3%83%AF%E3%83%95%E3%83%AB%E6%8D%95%E9%9B%86/dp/B086H34V2R/ref=zg_bs_kitchen_33/357-1038217-9181800?_encoding=UTF8&psc=1&refRID=B48B0SQDVA47W38BPT2R,クイックルワイパー ブラックカラー フロア用掃除道具 本体+シート1種類(STRONG) 軽い力でスイスイかんたん! 汚れをパワフル捕集!,1540,,B086H34V2R
タニタ 体重 体組成計 スマホ 50g 日本製 ゴールド RD-915L GD 医療分野の技術搭載/スマ…,https://www.amazon.co.jp/%E3%82%BF%E3%83%8B%E3%82%BF-RD-915L-%E5%8C%BB%E7%99%82%E5%88%86%E9%87%8E%E3%81%AE%E6%8A%80%E8%A1%93%E6%90%AD%E8%BC%89-%E3%82%B9%E3%83%9E%E3%83%9B%E3%81%A7%E3%83%87%E3%83%BC%E3%82%BF%E7%AE%A1%E7%90%86-%E3%82%A4%E3%83%B3%E3%83%8A%E3%83%BC%E3%82%B9%E3%82%AD%E3%83%A3%E3%83%B3%E3%83%87%E3%83%A5%E3%82%A2%E3%83%AB/dp/B08R3CFQG9/ref=zg_bs_kitchen_34/357-1038217-9181800?_encoding=UTF8&psc=1&refRID=B48B0SQDVA47W38BPT2R,タニタ 体重 体組成計 スマホ 50g 日本製 ゴールド RD-915L GD 医療分野の技術搭載/スマホでデータ管理 インナースキャンデュアル,27045,,B08R3CFQG9
【Amazon.co.jp 限定】クモリ(Kumori) ボックスシーツ 綿100% 毛玉なし シーツ 単品売り…,https://www.amazon.co.jp/%E3%82%AF%E3%83%A2%E3%83%AA-Kumori-%E6%8A%97%E8%8F%8C%E9%98%B2%E8%87%AD%E3%83%BB%E9%98%B2%E3%83%80%E3%83%8B-%E3%83%9E%E3%83%83%E3%83%88%E3%83%AC%E3%82%B9%E3%82%AB%E3%83%90%E3%83%BC-%E3%82%B7%E3%83%B3%E3%82%B0%E3%83%AB%E3%83%BB100X200cm/dp/B07RG8MCG5/ref=zg_bs_kitchen_35/357-1038217-9181800?_encoding=UTF8&psc=1&refRID=B48B0SQDVA47W38BPT2R,【Amazon.co.jp 限定】クモリ(Kumori) ボックスシーツ 綿100% 毛玉なし シーツ 単品売り 洗える オールシーズン ベッド/マットレス/敷き布団対応 ベッドシーツ マットレスカバー ベッドカバー(シングル・100X200cm オリーブ),1980,5月30日 日曜日,B07RG8MCG5
dretec(ドリテック) パルスオキシメーター オリジナルカラー 酸素濃度計 医療用 家庭用 国内…,https://www.amazon.co.jp/dretec-%E3%83%91%E3%83%AB%E3%82%B9%E3%82%AA%E3%82%AD%E3%82%B7%E3%83%A1%E3%83%BC%E3%82%BF%E3%83%BC-%E3%80%90%E8%A6%8B%E3%82%84%E3%81%99%E3%81%84%E5%8F%8D%E8%BB%A2%E6%B6%B2%E6%99%B6%E3%80%91-OX-101WTDI-%E5%B0%82%E7%94%A8%E3%83%9D%E3%83%BC%E3%83%81%E4%BB%98%E3%81%8D/dp/B07527H5CD/ref=zg_bs_kitchen_36/357-1038217-9181800?_encoding=UTF8&psc=1&refRID=B48B0SQDVA47W38BPT2R,dretec(ドリテック) パルスオキシメーター オリジナルカラー 酸素濃度計 医療用 家庭用 国内検査済み 一年保証 医療機器認証取得済,7480,,B07527H5CD
NEC LEDシーリングライト 調色/調光タイプ~6畳 (日本照明工業会基準) 3699lm かんたん留…,https://www.amazon.co.jp/NEC-LED%E3%82%B7%E3%83%BC%E3%83%AA%E3%83%B3%E3%82%B0%E3%83%A9%E3%82%A4%E3%83%88-%E8%AA%BF%E8%89%B2-%E8%AA%BF%E5%85%89%E3%82%BF%E3%82%A4%E3%83%97-6%E7%95%B3-HLDC06208/dp/B07F1V1FMM/ref=zg_bs_kitchen_37/357-1038217-9181800?_encoding=UTF8&psc=1&refRID=B48B0SQDVA47W38BPT2R,NEC LEDシーリングライト 調色/調光タイプ~6畳 (日本照明工業会基準) 3699lm かんたん留守タイマー リモコン付き HLDC06208,5780,,B07F1V1FMM
MyComfort(マイコンフォート) 枕 低反発 3層ハイグレードモデル 高さ調節可能 ジャストフ…,https://www.amazon.co.jp/MyComfort-%E3%83%9E%E3%82%A4%E3%82%B3%E3%83%B3%E3%83%95%E3%82%A9%E3%83%BC%E3%83%88-3%E5%B1%A4%E3%83%8F%E3%82%A4%E3%82%B0%E3%83%AC%E3%83%BC%E3%83%89%E3%83%A2%E3%83%87%E3%83%AB-%E9%AB%98%E3%81%95%E8%AA%BF%E7%AF%80%E5%8F%AF%E8%83%BD-%E3%82%B8%E3%83%A3%E3%82%B9%E3%83%88%E3%83%95%E3%82%A3%E3%83%83%E3%83%88/dp/B08LN1DHZR/ref=zg_bs_kitchen_38/357-1038217-9181800?_encoding=UTF8&psc=1&refRID=B48B0SQDVA47W38BPT2R,MyComfort(マイコンフォート) 枕 低反発 3層ハイグレードモデル 高さ調節可能 ジャストフィット 低反発枕,3580,5月30日 - 31日,B08LN1DHZR
AYO 枕 ホテル仕様 高反発枕 横向き対応 丸洗い可能 立体構造43x63cm 家族のプレゼント…,https://www.amazon.co.jp/AYO-%E7%AB%8B%E4%BD%93%E6%A7%8B%E9%80%A043x63cm-%E5%AE%B6%E6%97%8F%E3%81%AE%E3%83%97%E3%83%AC%E3%82%BC%E3%83%B3%E3%83%88-%E9%95%B7%E3%81%9563cm-%E5%B9%8543cm%E9%AB%98%E3%81%9518cm/dp/B08K3B1PWN/ref=zg_bs_kitchen_39/357-1038217-9181800?_encoding=UTF8&psc=1&refRID=B48B0SQDVA47W38BPT2R,AYO 枕 ホテル仕様 高反発枕 横向き対応 丸洗い可能 立体構造43x63cm 家族のプレゼント ホワイト(長さ63cm*幅43cm高さ18cm),2438,,B08K3B1PWN
Bedsure カーテン 1級遮光 小窓 ドレープカーテン オレンジ 幅100cm丈110cm 2枚組 断…,https://www.amazon.co.jp/Bedsure-%E3%83%89%E3%83%AC%E3%83%BC%E3%83%97%E3%82%AB%E3%83%BC%E3%83%86%E3%83%B3-%E5%B9%85100cm%E4%B8%88110cm-%E9%AB%98%E7%B4%9A%E6%84%9F%E3%81%AE%E3%81%82%E3%82%8B%E7%94%9F%E5%9C%B0-%E3%83%AA%E3%83%93%E3%83%B3%E3%82%B0%E3%83%AB%E3%83%BC%E3%83%A0/dp/B08CXTG47H/ref=zg_bs_kitchen_40/357-1038217-9181800?_encoding=UTF8&psc=1&refRID=B48B0SQDVA47W38BPT2R,Bedsure カーテン 1級遮光 小窓 ドレープカーテン オレンジ 幅100cm丈110cm 2枚組 断熱 保温 省エネ おしゃれ 昼夜目隠し 遮光カーテン 高級感のある生地 リビングルーム,2700,5月30日 日曜日,B08CXTG47H
iwaki(イワキ) 耐熱ガラス ボウル 丸型 外径18cm 900ml KBC322,https://www.amazon.co.jp/iwaki-%E8%80%90%E7%86%B1%E3%82%AC%E3%83%A9%E3%82%B9-900ml-%E5%A4%96%E5%BE%8418cm-KBC322/dp/B000UDNFH2/ref=zg_bs_kitchen_41/357-1038217-9181800?_encoding=UTF8&psc=1&refRID=B48B0SQDVA47W38BPT2R,iwaki(イワキ) 耐熱ガラス ボウル 丸型 外径18cm 900ml KBC322,609,5月30日 日曜日,B000UDNFH2
デスクライト TaoTronics LED 目に優しい 電気スタンド 省エネ 学習机 テーブルスタンド…,https://www.amazon.co.jp/TaoTronics-%E3%83%86%E3%83%BC%E3%83%96%E3%83%AB%E3%82%B9%E3%82%BF%E3%83%B3%E3%83%89-%E3%82%BF%E3%83%83%E3%83%81%E3%82%BB%E3%83%B3%E3%82%B5%E3%83%BC%E8%AA%BF%E5%85%89-USB%E3%83%9D%E3%83%BC%E3%83%88%E4%BB%98%E3%81%91-TT-DL13/dp/B07F9NWPKB/ref=zg_bs_kitchen_42/357-1038217-9181800?_encoding=UTF8&psc=1&refRID=B48B0SQDVA47W38BPT2R,デスクライト TaoTronics LED 目に優しい 電気スタンド 省エネ 学習机 テーブルスタンド 卓上ライト タッチセンサー調光 USBポート付け[国内正規品] TT-DL13 (ブラック),4599,5月30日 日曜日,B07F9NWPKB
パッと貼るだけホコリとりフィルター換気扇用15cm 6枚入×10点,https://www.amazon.co.jp/%E6%9D%B1%E6%B4%8B%E3%82%A2%E3%83%AB%E3%83%9F-%E3%83%91%E3%83%83%E3%81%A8%E8%B2%BC%E3%82%8B%E3%81%A0%E3%81%91%E3%83%9B%E3%82%B3%E3%83%AA%E3%81%A8%E3%82%8A%E3%83%95%E3%82%A3%E3%83%AB%E3%82%BF%E3%83%BC%E6%8F%9B%E6%B0%97%E6%89%87%E7%94%A815cm-6%E6%9E%9A%E5%85%A5%C3%9710%E7%82%B9/dp/B0829S65LW/ref=zg_bs_kitchen_43/357-1038217-9181800?_encoding=UTF8&psc=1&refRID=B48B0SQDVA47W38BPT2R,パッと貼るだけホコリとりフィルター換気扇用15cm 6枚入×10点,2400,,B0829S65LW
マキタ コードレス掃除機CL108 カプセル式 標準25分稼働/充電22分 軽量定番モデル…,https://www.amazon.co.jp/%E3%83%9E%E3%82%AD%E3%82%BF-Makita-%E5%85%85%E9%9B%BB%E5%BC%8F%E3%82%AF%E3%83%AA%E3%83%BC%E3%83%8A%E3%83%BC-%E3%83%90%E3%83%83%E3%83%86%E3%83%AA%E3%83%BC%E3%83%BB%E5%85%85%E9%9B%BB%E5%99%A8%E4%BB%98-CL108FDSHW/dp/B07GWY3HYD/ref=zg_bs_kitchen_44/357-1038217-9181800?_encoding=UTF8&psc=1&refRID=B48B0SQDVA47W38BPT2R,マキタ コードレス掃除機CL108 カプセル式 標準25分稼働/充電22分 軽量定番モデル 10.8Vバッテリ充電器付 CL108FDSHW,13800,5月30日 日曜日,B07GWY3HYD
タニタ キッチン タイマー マグネット付き 大画面 100分 イエロー TD-384 YL でか見えタ…,https://www.amazon.co.jp/%E3%82%BF%E3%83%8B%E3%82%BF-%E3%82%BF%E3%82%A4%E3%83%9E%E3%83%BC-100%E5%88%86-TD-384-%E3%81%A7%E3%81%8B%E8%A6%8B%E3%81%88%E3%82%BF%E3%82%A4%E3%83%9E%E3%83%BC/dp/B000BHLSN0/ref=zg_bs_kitchen_45/357-1038217-9181800?_encoding=UTF8&psc=1&refRID=B48B0SQDVA47W38BPT2R,タニタ キッチン タイマー マグネット付き 大画面 100分 イエロー TD-384 YL でか見えタイマー,555,6月11日 - 7月14日,B000BHLSN0
【Amazon.co.jp 限定】チチロバ(TITIROBA) バスマット 珪藻土バスマット 風呂マット 足…,https://www.amazon.co.jp/%E3%83%81%E3%83%81%E3%83%AD%E3%83%90-Titiroba-%E7%8F%AA%E8%97%BB%E5%9C%9F%E3%83%90%E3%82%B9%E3%83%9E%E3%83%83%E3%83%88-%E3%82%AD%E3%83%83%E3%83%81%E3%83%B3%E3%83%9E%E3%83%83%E3%83%88-DS-01-G/dp/B07YXDT3ZF/ref=zg_bs_kitchen_46/357-1038217-9181800?_encoding=UTF8&psc=1&refRID=B48B0SQDVA47W38BPT2R,【Amazon.co.jp 限定】チチロバ(TITIROBA) バスマット 珪藻土バスマット 風呂マット 足ふきマット 速乾 調湿 吸水性 珪藻土 キッチンマット 洗濯不要 滑り止め 浴室 洗面所 グレー DS-01-G,1988,5月30日 日曜日,B07YXDT3ZF
【医薬部外品】キレイキレイ 薬用 泡ハンドソープ専用オートディスペンサー セット 本体+…,https://www.amazon.co.jp/%E3%80%90%E5%8C%BB%E8%96%AC%E9%83%A8%E5%A4%96%E5%93%81%E3%80%91%E3%82%AD%E3%83%AC%E3%82%A4%E3%82%AD%E3%83%AC%E3%82%A4-%E8%96%AC%E7%94%A8-%E6%B3%A1%E3%83%8F%E3%83%B3%E3%83%89%E3%82%BD%E3%83%BC%E3%83%97%E5%B0%82%E7%94%A8%E3%82%AA%E3%83%BC%E3%83%88%E3%83%87%E3%82%A3%E3%82%B9%E3%83%9A%E3%83%B3%E3%82%B5%E3%83%BC-%E3%82%BB%E3%83%83%E3%83%88-%E3%81%A4%E3%82%81%E3%81%8B%E3%81%88%E7%94%A8200ml/dp/B08SJP7LC4/ref=zg_bs_kitchen_47/357-1038217-9181800?_encoding=UTF8&psc=1&refRID=B48B0SQDVA47W38BPT2R,【医薬部外品】キレイキレイ 薬用 泡ハンドソープ専用オートディスペンサー セット 本体+つめかえ用200ml,2750,5月30日 日曜日,ライオン
セイコークロック 置き時計 01:白パール 本体サイズ:8.5×14.8×5.3cm 電波 デジタル カレン…,https://www.amazon.co.jp/%E3%82%BB%E3%82%A4%E3%82%B3%E3%83%BC-%E7%9B%AE%E8%A6%9A%E3%81%BE%E3%81%97%E6%99%82%E8%A8%88-%E3%82%AB%E3%83%AC%E3%83%B3%E3%83%80%E3%83%BC-BC402W-SEIKO/dp/B078W6DPTP/ref=zg_bs_kitchen_48/357-1038217-9181800?_encoding=UTF8&psc=1&refRID=B48B0SQDVA47W38BPT2R,セイコークロック 置き時計 01:白パール 本体サイズ:8.5×14.8×5.3cm 電波 デジタル カレンダー 快適度 温度 湿度 表示 BC402W,1881,5月30日 日曜日,2017/12/24
三菱ケミカル・クリンスイ 浄水器 カートリッジ 交換用 MONOシリーズ ホワイト 約高さ9×直…,https://www.amazon.co.jp/%E4%B8%89%E8%8F%B1%E3%82%B1%E3%83%9F%E3%82%AB%E3%83%AB%E3%83%BB%E3%82%AF%E3%83%AA%E3%83%B3%E3%82%B9%E3%82%A4-%E3%82%AF%E3%83%AA%E3%83%B3%E3%82%B9%E3%82%A4%E3%83%A2%E3%83%8E%E3%82%B7%E3%83%AA%E3%83%BC%E3%82%BA%E7%94%A8%E4%BA%A4%E6%8F%9B%E3%82%AB%E3%83%BC%E3%83%88%E3%83%AA%E3%83%83%E3%82%B8-%E3%82%B9%E3%83%BC%E3%83%91%E3%83%BC%E3%83%8F%E3%82%A4%E3%82%B0%E3%83%AC%E3%83%BC%E3%83%89%E9%99%A4%E5%8E%BB%E7%89%A9%E8%B3%AA13-2%E5%80%8B%E5%85%A5-MDC01SW/dp/B003AZZS4K/ref=zg_bs_kitchen_49/357-1038217-9181800?_encoding=UTF8&psc=1&refRID=B48B0SQDVA47W38BPT2R,三菱ケミカル・クリンスイ 浄水器 カートリッジ 交換用 MONOシリーズ ホワイト 約高さ9×直径5.5cm 13+2物質除去 MDCO1SW 2入,4781,5月30日 日曜日,B003AZZS4K
下村工業 日本製 ヴェルダン 三徳 包丁 165mm モリブデン バナジウム 鋼 食洗機 対応 OVD-11 新潟 燕三条製 + 【Amazon.co.jp限定】下村…,https://www.amazon.co.jp/%E4%B8%8B%E6%9D%91%E5%B7%A5%E6%A5%AD-OVD-11-%E3%80%90Amazon-co-jp%E9%99%90%E5%AE%9A%E3%80%91%E4%B8%8B%E6%9D%91%E5%B7%A5%E6%A5%AD-OVB-103-%E7%87%95%E4%B8%89%E6%9D%A1%E8%A3%BD%E3%80%90%E3%82%BB%E3%83%83%E3%83%88%E8%B2%B7%E3%81%84%E3%80%91/dp/B08Y99YWVT/ref=zg_bs_kitchen_50/357-1038217-9181800?_encoding=UTF8&psc=1&refRID=B48B0SQDVA47W38BPT2R,下村工業 日本製 ヴェルダン 三徳 包丁 165mm モリブデン バナジウム 鋼 食洗機 対応 OVD-11 新潟 燕三条製 + 【Amazon.co.jp限定】下村工業 日本製 ヴェルダン ブラック ペティ ナイフ 125mm モリブデン バナジウム 鋼 食洗機 対応 OVB-103 新潟 燕三条製【セット買い】,4619,本日,B08Y99YWVT
サーモス 水筒 真空断熱スポーツボトル 0.8L ピンクスター FHT-801F PKST,https://www.amazon.co.jp/%E3%82%B5%E3%83%BC%E3%83%A2%E3%82%B9-%E7%9C%9F%E7%A9%BA%E6%96%AD%E7%86%B1%E3%82%B9%E3%83%9D%E3%83%BC%E3%83%84%E3%83%9C%E3%83%88%E3%83%AB-%E3%83%94%E3%83%B3%E3%82%AF%E3%82%B9%E3%82%BF%E3%83%BC-FHT-801F-PKST/dp/B084H9FGHQ/ref=zg_bs_kitchen_51?_encoding=UTF8&psc=1&refRID=0B9MM8VY0FNTS11SW2G5,サーモス 水筒 真空断熱スポーツボトル 0.8L ピンクスター FHT-801F PKST,2918,5月30日 日曜日,B084H9FGHQ
レック 激コロ スゴ技カット 70周 スペア 3個入 ( カーペットクリーナー ) S-770,https://www.amazon.co.jp/%E3%83%AC%E3%83%83%E3%82%AF-%E6%BF%80%E3%82%B3%E3%83%AD-%E3%82%B9%E3%82%B4%E6%8A%80%E3%82%AB%E3%83%83%E3%83%88-%E3%82%AB%E3%83%BC%E3%83%9A%E3%83%83%E3%83%88%E3%82%AF%E3%83%AA%E3%83%BC%E3%83%8A%E3%83%BC-S-770/dp/B016UBCQAY/ref=zg_bs_kitchen_52?_encoding=UTF8&psc=1&refRID=0B9MM8VY0FNTS11SW2G5,レック 激コロ スゴ技カット 70周 スペア 3個入 ( カーペットクリーナー ) S-770,266,5月30日 日曜日,レック(LEC)
サーモス 水筒 真空断熱スポーツボトル ドットピンク 0.8L FHT-800F D-P,https://www.amazon.co.jp/%E3%82%B5%E3%83%BC%E3%83%A2%E3%82%B9-%E7%9C%9F%E7%A9%BA%E6%96%AD%E7%86%B1%E3%82%B9%E3%83%9D%E3%83%BC%E3%83%84%E3%83%9C%E3%83%88%E3%83%AB-%E3%83%89%E3%83%83%E3%83%88%E3%83%94%E3%83%B3%E3%82%AF-FHT-800F-D-P/dp/B07NGFCBZG/ref=zg_bs_kitchen_53?_encoding=UTF8&psc=1&refRID=0B9MM8VY0FNTS11SW2G5,サーモス 水筒 真空断熱スポーツボトル ドットピンク 0.8L FHT-800F D-P,2280,5月30日 日曜日,サーモス(THERMOS)
サーモス 水筒 真空断熱ケータイマグ 【ワンタッチオープンタイプ】 350ml クランベリー…,https://www.amazon.co.jp/%E3%82%B5%E3%83%BC%E3%83%A2%E3%82%B9-%E7%9C%9F%E7%A9%BA%E6%96%AD%E7%86%B1%E3%82%B1%E3%83%BC%E3%82%BF%E3%82%A4%E3%83%9E%E3%82%B0-%E3%80%90%E3%83%AF%E3%83%B3%E3%82%BF%E3%83%83%E3%83%81%E3%82%AA%E3%83%BC%E3%83%97%E3%83%B3%E3%82%BF%E3%82%A4%E3%83%97%E3%80%91-JNL-353-CRB/dp/B0746N474X/ref=zg_bs_kitchen_54?_encoding=UTF8&psc=1&refRID=0B9MM8VY0FNTS11SW2G5,サーモス 水筒 真空断熱ケータイマグ 【ワンタッチオープンタイプ】 350ml クランベリー JNL-353 CRB,1599,5月30日 日曜日,THERMOS(サーモス)
【セット買い】パナソニック ミニクリプトン電球 E17口金 35ミリ径 40形 2個入…,https://www.amazon.co.jp/%E3%83%91%E3%83%8A%E3%82%BD%E3%83%8B%E3%83%83%E3%82%AF-%E3%83%9F%E3%83%8B%E3%82%AF%E3%83%AA%E3%83%97%E3%83%88%E3%83%B3%E9%9B%BB%E7%90%83-E17%E5%8F%A3%E9%87%91-LDS100V36WCK2P-100V60%E5%BD%A2/dp/B07MWQ1K45/ref=zg_bs_kitchen_55?_encoding=UTF8&psc=1&refRID=0B9MM8VY0FNTS11SW2G5,【セット買い】パナソニック ミニクリプトン電球 E17口金 35ミリ径 40形 2個入 LDS100V36WCK2P & レフ電球(屋内用) E26口金 100V60形 散光形(ビーム角=60°),591,6月1日 火曜日,B07MWQ1K45
貝印 KAI シャープナー(包丁研ぎ器)ダイヤモンド & セラミック 日本製 AP0308,https://www.amazon.co.jp/%E8%B2%9D%E5%8D%B0-%E3%83%80%E3%82%A4%E3%83%A4%E3%83%A2%E3%83%B3%E3%83%89-%E3%82%BB%E3%83%A9%E3%83%9F%E3%83%83%E3%82%AF-%E3%82%B7%E3%83%A3%E3%83%BC%E3%83%97%E3%83%8A%E3%83%BC-AP0308/dp/B0061WZ7A4/ref=zg_bs_kitchen_56?_encoding=UTF8&psc=1&refRID=0B9MM8VY0FNTS11SW2G5,貝印 KAI シャープナー(包丁研ぎ器)ダイヤモンド & セラミック 日本製 AP0308,1336,5月30日 日曜日,貝印(Kai Corporation)
Umimile ソープディスペンサー 泡 自動 ハンドソープディスペンサー オート センサー 吐出…,https://www.amazon.co.jp/%E3%80%90%E6%9C%80%E6%96%B0%E7%89%88%E3%80%91Umimile-%E3%82%BD%E3%83%BC%E3%83%97%E3%83%87%E3%82%A3%E3%82%B9%E3%83%9A%E3%83%B3%E3%82%B5%E3%83%BC-%E3%83%8F%E3%83%B3%E3%83%89%E3%82%BD%E3%83%BC%E3%83%97%E3%83%87%E3%82%A3%E3%82%B9%E3%83%9A%E3%83%B3%E3%82%B5%E3%83%BC-%E5%90%90%E5%87%BA%E9%87%8F2%E6%AE%B5%E9%9A%8E%E8%AA%BF%E6%95%B4-%E6%B4%97%E9%9D%A2%E6%89%80%E3%81%AA%E3%81%A9%E3%81%AB%E9%81%A9%E7%94%A8/dp/B07W41LYHZ/ref=zg_bs_kitchen_57?_encoding=UTF8&psc=1&refRID=0B9MM8VY0FNTS11SW2G5,Umimile ソープディスペンサー 泡 自動 ハンドソープディスペンサー オート センサー 吐出量2段階調整 250ml 電池式 ハンドソープ 食器用洗剤 キッチン 洗面所などに適用 半透明ボトル 日本語説明書付き,2980,5月30日 日曜日,B07W41LYHZ
レック セスキ の 激落ちくんシート フローリング 用 (4個パック) SS-292 & Ba 除菌ができ…,https://www.amazon.co.jp/%E3%83%AC%E3%83%83%E3%82%AF-%E6%BF%80%E8%90%BD%E3%81%A1%E3%81%8F%E3%82%93%E3%82%B7%E3%83%BC%E3%83%88-%E3%83%95%E3%83%AD%E3%83%BC%E3%83%AA%E3%83%B3%E3%82%B0-%E3%82%A2%E3%83%AB%E3%82%B3%E3%83%BC%E3%83%AB%E9%99%A4%E8%8F%8C-SS-173%E3%80%90%E3%82%BB%E3%83%83%E3%83%88%E8%B2%B7%E3%81%84%E3%80%91/dp/B08NY9LMWP/ref=zg_bs_kitchen_58?_encoding=UTF8&psc=1&refRID=0B9MM8VY0FNTS11SW2G5,レック セスキ の 激落ちくんシート フローリング 用 (4個パック) SS-292 & Ba 除菌ができる 食卓 ・ キッチン ふきん 15枚入 (アルコール除菌) SS-173【セット買い】,601,"明日5月 29日, 8AM-12PM",
高木金属 グリルパン グリルトレー フッ素3層コート ワイド トライプラス GK-W,https://www.amazon.co.jp/%E9%AB%98%E6%9C%A8%E9%87%91%E5%B1%9E-%E3%83%95%E3%83%83%E7%B4%A0%E6%A8%B9%E8%84%823%E5%B1%A4%E3%82%B3%E3%83%BC%E3%83%88-%E3%83%88%E3%83%A9%E3%82%A4%E3%83%97%E3%83%A9%E3%82%B9-%E3%82%B0%E3%83%AA%E3%83%AB%E3%83%88%E3%83%AC%E3%83%BC-GK-W/dp/B07DJV511T/ref=zg_bs_kitchen_59?_encoding=UTF8&psc=1&refRID=0B9MM8VY0FNTS11SW2G5,高木金属 グリルパン グリルトレー フッ素3層コート ワイド トライプラス GK-W,1055,5月30日 日曜日,高木金属(Takagi-metal)
【Amazon.co.jp 限定】スリーエム(3M) キッチン スポンジ 抗菌 キズをつけない ロング 6個…,https://www.amazon.co.jp/3M-%E3%82%B9%E3%82%B3%E3%83%83%E3%83%81%E3%83%96%E3%83%A9%E3%82%A4%E3%83%88-%E3%82%AD%E3%83%83%E3%83%81%E3%83%B3%E3%82%AB%E3%83%A9%E3%83%BC%E3%82%B9%E3%83%9D%E3%83%B3%E3%82%B8%E3%81%9F%E3%82%8F%E3%81%97-6%E5%80%8B%E3%83%91%E3%83%83%E3%82%AF-SS-74K/dp/B01N0655HN/ref=zg_bs_kitchen_60?_encoding=UTF8&psc=1&refRID=0B9MM8VY0FNTS11SW2G5,【Amazon.co.jp 限定】スリーエム(3M) キッチン スポンジ 抗菌 キズをつけない ロング 6個 スコッチブライト SS-74K,878,,B01N0655HN
シャープ 加湿 空気清浄機 プラズマクラスター 7000 スタンダード 13畳 / 空気清浄 23畳…,https://www.amazon.co.jp/%E3%82%B7%E3%83%A3%E3%83%BC%E3%83%97-%E7%A9%BA%E6%B0%97%E6%B8%85%E6%B5%84%E6%A9%9F%E3%80%90%E5%8A%A0%E6%B9%BF%E6%A9%9F%E8%83%BD%E4%BB%98%E3%80%91%EF%BC%88%E7%A9%BA%E6%B8%8523%E7%95%B3%E3%81%BE%E3%81%A7-%E3%83%9B%E3%83%AF%E3%82%A4%E3%83%88%E7%B3%BB%EF%BC%89SHARP-%E3%80%8C%E3%83%97%E3%83%A9%E3%82%BA%E3%83%9E%E3%82%AF%E3%83%A9%E3%82%B9%E3%82%BF%E3%83%BC7000%E3%80%8D%E6%90%AD%E8%BC%89-KC-L50-W/dp/B07Z8PRD4W/ref=zg_bs_kitchen_61?_encoding=UTF8&psc=1&refRID=0B9MM8VY0FNTS11SW2G5,シャープ 加湿 空気清浄機 プラズマクラスター 7000 スタンダード 13畳 / 空気清浄 23畳 2019年モデル ホワイト KC-L50-W,19800,5月30日 日曜日,B07Z8PRD4W
アイリスオーヤマ チェスト ワイド 3段 日本製 完成品 幅55.6×奥行41×高さ62cm フレンチ…,https://www.amazon.co.jp/%E3%82%A2%E3%82%A4%E3%83%AA%E3%82%B9%E3%82%AA%E3%83%BC%E3%83%A4%E3%83%9E-%E3%83%81%E3%82%A7%E3%82%B9%E3%83%88-%E5%B9%8555-6%C3%97%E5%A5%A5%E8%A1%8C41%C3%97%E9%AB%98%E3%81%9562cm-%E3%83%9B%E3%83%AF%E3%82%A4%E3%83%88%E3%82%AA%E3%83%BC%E3%82%AF-WTW-543/dp/B00I0NK7XE/ref=zg_bs_kitchen_62?_encoding=UTF8&psc=1&refRID=0B9MM8VY0FNTS11SW2G5,アイリスオーヤマ チェスト ワイド 3段 日本製 完成品 幅55.6×奥行41×高さ62cm フレンチオーク木天板 WTW-543,3980,6月3日 - 5日,アイリスオーヤマ(IRIS OHYAMA)
ナイスデイ 【 TEIJIN (帝人) 快適清潔シリーズ 】 肌布団 ケット グレー シングル…,https://www.amazon.co.jp/%E3%83%8A%E3%82%A4%E3%82%B9%E3%83%87%E3%82%A4-150%C3%97210cm-%E7%BE%BD%E6%AF%9B%E3%81%AE%E3%82%88%E3%81%86%E3%81%AA%E3%82%84%E3%82%8F%E3%82%89%E3%81%8B%E4%BB%95%E7%AB%8B%E3%81%A6-%E3%82%AA%E3%83%BC%E3%83%AB%E3%82%B7%E3%83%BC%E3%82%BA%E3%83%B3%E4%BD%BF%E3%81%88%E3%82%8B-86610113/dp/B091C22P3C/ref=zg_bs_kitchen_63?_encoding=UTF8&psc=1&refRID=0B9MM8VY0FNTS11SW2G5,ナイスデイ 【 TEIJIN (帝人) 快適清潔シリーズ 】 肌布団 ケット グレー シングル (150×210cm)ふんわり ふわふわ 羽毛のようなやわらか仕立て オールシーズン使える 抗菌 防臭 肌掛け 布団 キルトケット 春夏用 洗える 86610113,3934,5月30日 日曜日,B091C22P3C
【Amazon.co.jp 限定】 西川 SEVENDAYS 敷きパッド パイル地 シングル 洗える タオル地…,https://www.amazon.co.jp/%E8%A5%BF%E5%B7%9D-Nishikawa-%E3%81%B5%E3%82%8F%E3%81%B5%E3%82%8F%E3%83%91%E3%82%A4%E3%83%AB-SEVENDAYS-PM09000540B/dp/B07N8YQNXY/ref=zg_bs_kitchen_64?_encoding=UTF8&psc=1&refRID=0B9MM8VY0FNTS11SW2G5,【Amazon.co.jp 限定】 西川 SEVENDAYS 敷きパッド パイル地 シングル 洗える タオル地 ふわふわパイル 綿100% セブンデイズ ブルー PM09000540B,1925,5月30日 日曜日,B07N8YQNXY
アイリスオーヤマ サーキュレーター アイ mini 8畳 静音 左右首振り パワフル送風 ホワイト…,https://www.amazon.co.jp/%E3%82%A2%E3%82%A4%E3%83%AA%E3%82%B9%E3%82%AA%E3%83%BC%E3%83%A4%E3%83%9E-%E3%82%B5%E3%83%BC%E3%82%AD%E3%83%A5%E3%83%AC%E3%83%BC%E3%82%BF%E3%83%BC-%E3%83%91%E3%83%AF%E3%83%95%E3%83%AB%E9%80%81%E9%A2%A8-2019%E5%B9%B4%E3%83%A2%E3%83%87%E3%83%AB-PCF-SM12-W/dp/B07Q5X8H24/ref=zg_bs_kitchen_65?_encoding=UTF8&psc=1&refRID=0B9MM8VY0FNTS11SW2G5,アイリスオーヤマ サーキュレーター アイ mini 8畳 静音 左右首振り パワフル送風 ホワイト PCF-SM12-W,2980,5月30日 日曜日,B07Q5X8H24
山崎実業 キッチンエコスタンド ブラック 約W12×D9.5×H26.5cm タワー 6785,https://www.amazon.co.jp/%E5%B1%B1%E5%B4%8E%E5%AE%9F%E6%A5%AD-%E3%82%AD%E3%83%83%E3%83%81%E3%83%B3%E3%82%A8%E3%82%B3%E3%82%B9%E3%82%BF%E3%83%B3%E3%83%89-%E3%83%96%E3%83%A9%E3%83%83%E3%82%AF-%E7%B4%84W12%C3%97D9-5%C3%97H26-5cm-6785/dp/B004TIVSP0/ref=zg_bs_kitchen_66?_encoding=UTF8&psc=1&refRID=0B9MM8VY0FNTS11SW2G5,山崎実業 キッチンエコスタンド ブラック 約W12×D9.5×H26.5cm タワー 6785,1320,,山崎実業(Yamazaki)
東洋アルミ 整流板付専用パッと貼るだけスーパーフィルター 3074 & 東洋アルミ アレルブロ…,https://www.amazon.co.jp/%E6%9D%B1%E6%B4%8B%E3%82%A2%E3%83%AB%E3%83%9F-%E6%95%B4%E6%B5%81%E6%9D%BF%E4%BB%98%E5%B0%82%E7%94%A8%E3%83%91%E3%83%83%E3%81%A8%E8%B2%BC%E3%82%8B%E3%81%A0%E3%81%91%E3%82%B9%E3%83%BC%E3%83%91%E3%83%BC%E3%83%95%E3%82%A3%E3%83%AB%E3%82%BF%E3%83%BC-%E3%82%A2%E3%83%AC%E3%83%AB%E3%83%96%E3%83%AD%E3%83%83%E3%82%AF%E3%83%95%E3%82%A3%E3%83%AB%E3%82%BF%E3%83%BC-%E7%B4%8421%C3%9721cm-2%E6%9E%9A%E5%85%A5%E3%80%90%E3%82%BB%E3%83%83%E3%83%88%E8%B2%B7%E3%81%84%E3%80%91/dp/B08TD6FM7G/ref=zg_bs_kitchen_67?_encoding=UTF8&psc=1&refRID=0B9MM8VY0FNTS11SW2G5,東洋アルミ 整流板付専用パッと貼るだけスーパーフィルター 3074 & 東洋アルミ アレルブロックフィルター 約21×21cm 屋外の通気口用 花粉をキャッチ 24時間換気対応 5403 2枚入【セット買い】,924,"明日5月 29日, 8AM-12PM",
サーモス 保冷缶ホルダー 350ml缶用 オレンジ JCB-352 OR,https://www.amazon.co.jp/%E3%82%B5%E3%83%BC%E3%83%A2%E3%82%B9-%E4%BF%9D%E5%86%B7%E7%BC%B6%E3%83%9B%E3%83%AB%E3%83%80%E3%83%BC-350ml%E7%BC%B6%E7%94%A8-%E3%82%AA%E3%83%AC%E3%83%B3%E3%82%B8-JCB-352/dp/B0793M7MRV/ref=zg_bs_kitchen_68?_encoding=UTF8&psc=1&refRID=0B9MM8VY0FNTS11SW2G5,サーモス 保冷缶ホルダー 350ml缶用 オレンジ JCB-352 OR,1300,5月30日 日曜日,B0793M7MRV
アスベル エバンペダルペール45L SD ブラウン,https://www.amazon.co.jp/%E3%82%A2%E3%82%B9%E3%83%99%E3%83%AB-%E3%82%A8%E3%83%90%E3%83%B3%E3%83%9A%E3%83%80%E3%83%AB%E3%83%9A%E3%83%BC%E3%83%AB45L-SD-%E3%83%96%E3%83%A9%E3%82%A6%E3%83%B3/dp/B079ZF3JM9/ref=zg_bs_kitchen_69?_encoding=UTF8&psc=1&refRID=0B9MM8VY0FNTS11SW2G5,アスベル エバンペダルペール45L SD ブラウン,2455,5月30日 日曜日,B079ZF3JM9
タイガー 水筒 1リットル サハラ ステンレスボトル スポーツ 直飲み 広口 保冷専用 ネイビー…,https://www.amazon.co.jp/%E3%82%BF%E3%82%A4%E3%82%AC%E3%83%BC-%E3%82%B9%E3%83%86%E3%83%B3%E3%83%AC%E3%82%B9%E3%83%9C%E3%83%88%E3%83%AB-%E3%82%B9%E3%83%9D%E3%83%BC%E3%83%84-%E4%BF%9D%E5%86%B7%E5%B0%82%E7%94%A8-MME-F100AS/dp/B0842VS5L1/ref=zg_bs_kitchen_70?_encoding=UTF8&psc=1&refRID=0B9MM8VY0FNTS11SW2G5,タイガー 水筒 1リットル サハラ ステンレスボトル スポーツ 直飲み 広口 保冷専用 ネイビー MME-F100AS,2855,5月30日 - 31日,B0842VS5L1
VK Living 敷きパッド 夏用 シングル リバーシブル 冷感 しきぱっと ひんやり シーツ オール…,https://www.amazon.co.jp/%E3%83%AA%E3%83%90%E3%83%BC%E3%82%B7%E3%83%96%E3%83%AB-%E3%82%AA%E3%83%BC%E3%83%AB%E3%82%B7%E3%83%BC%E3%82%BA%E3%83%B3%E3%81%A7%E4%BD%BF%E3%81%88%E3%82%8B-100%C3%97200cm-VK-Living/dp/B084ZCJG68/ref=zg_bs_kitchen_71?_encoding=UTF8&psc=1&refRID=0B9MM8VY0FNTS11SW2G5,VK Living 敷きパッド 夏用 シングル リバーシブル 冷感 しきぱっと ひんやり シーツ オールシーズンで使える 吸湿速乾 洗える ベッドパッド 防ダニ 抗菌防臭 一年間品質保証 100×200cm グリーン,1980,5月30日 日曜日,B084ZCJG68
【おうちで簡単に生ビールサーバー】ザ・プレミアム・モルツ 神泡サーバー 2021年最新型…,https://www.amazon.co.jp/%E3%80%90%E3%81%8A%E3%81%86%E3%81%A1%E3%81%A7%E7%B0%A1%E5%8D%98%E3%81%AB%E7%94%9F%E3%83%93%E3%83%BC%E3%83%AB%E3%82%B5%E3%83%BC%E3%83%90%E3%83%BC%E3%80%91%E3%82%B6%E3%83%BB%E3%83%97%E3%83%AC%E3%83%9F%E3%82%A2%E3%83%A0%E3%83%BB%E3%83%A2%E3%83%AB%E3%83%84-%E7%A5%9E%E6%B3%A1%E3%82%B5%E3%83%BC%E3%83%90%E3%83%BC-2021%E5%B9%B4%E6%9C%80%E6%96%B0%E5%9E%8B-Supreme-edition/dp/B08XTTN91B/ref=zg_bs_kitchen_72?_encoding=UTF8&psc=1&refRID=0B9MM8VY0FNTS11SW2G5,【おうちで簡単に生ビールサーバー】ザ・プレミアム・モルツ 神泡サーバー 2021年最新型 Supreme edition,980,5月30日 日曜日,7101774
サーモス デュラブルシリーズ 玉子焼きフライパン 13cm レッド IH対応 KFF-013E R,https://www.amazon.co.jp/%E3%82%B5%E3%83%BC%E3%83%A2%E3%82%B9-%E3%83%87%E3%83%A5%E3%83%A9%E3%83%96%E3%83%AB%E3%82%B7%E3%83%AA%E3%83%BC%E3%82%BA-%E7%8E%89%E5%AD%90%E7%84%BC%E3%81%8D%E3%83%95%E3%83%A9%E3%82%A4%E3%83%91%E3%83%B3-13cm-KFF-013E/dp/B08DS1SB7Q/ref=zg_bs_kitchen_73?_encoding=UTF8&psc=1&refRID=0B9MM8VY0FNTS11SW2G5,サーモス デュラブルシリーズ 玉子焼きフライパン 13cm レッド IH対応 KFF-013E R,1900,5月30日 日曜日,B08DS1SB7Q
山崎実業(Yamazaki) 電子レンジ庫内汚れ防止シリコンマット ブラック…,https://www.amazon.co.jp/%E5%B1%B1%E5%B4%8E%E5%AE%9F%E6%A5%AD-Yamazaki-%E9%9B%BB%E5%AD%90%E3%83%AC%E3%83%B3%E3%82%B8%E5%BA%AB%E5%86%85%E6%B1%9A%E3%82%8C%E9%98%B2%E6%AD%A2%E3%82%B7%E3%83%AA%E3%82%B3%E3%83%B3%E3%83%9E%E3%83%83%E3%83%88-%E7%B4%84W35XD29XH0-3cm-5040/dp/B086T57J1Y/ref=zg_bs_kitchen_74?_encoding=UTF8&psc=1&refRID=0B9MM8VY0FNTS11SW2G5,山崎実業(Yamazaki) 電子レンジ庫内汚れ防止シリコンマット ブラック 約W35XD29XH0.3cm タワー 耐熱 滑り止め 電子レンジ対応 ランチョンマット 5040,1540,,B086T57J1Y
象印 (ZOJIRUSHI) 水筒 ワンタッチ ステンレスマグ シームレス 0.36L アイスグレー SM…,https://www.amazon.co.jp/ZOJIRUSHI-%E3%83%AF%E3%83%B3%E3%82%BF%E3%83%83%E3%83%81-%E3%82%B9%E3%83%86%E3%83%B3%E3%83%AC%E3%82%B9%E3%83%9E%E3%82%B0-%E3%82%A2%E3%82%A4%E3%82%B9%E3%82%B0%E3%83%AC%E3%83%BC-SM-WA36-HL/dp/B08TM3PBS4/ref=zg_bs_kitchen_75?_encoding=UTF8&psc=1&refRID=0B9MM8VY0FNTS11SW2G5,象印 (ZOJIRUSHI) 水筒 ワンタッチ ステンレスマグ シームレス 0.36L アイスグレー SM-WA36-HL,2780,5月30日 日曜日,B08TM3PBS4
シャープ プラズマクラスター搭載 リビングファン ACタイプ ホワイト系 (リモコン付)PJ…,https://www.amazon.co.jp/%E3%82%B7%E3%83%A3%E3%83%BC%E3%83%97-%E3%80%90%E6%89%87%E9%A2%A8%E6%A9%9F%E3%80%91%E3%83%AA%E3%83%93%E3%83%B3%E3%82%B0%E6%89%87%EF%BC%88%E3%83%AA%E3%83%A2%E3%82%B3%E3%83%B3%E4%BB%98-%E3%83%9B%E3%83%AF%E3%82%A4%E3%83%88%E7%B3%BB%EF%BC%89SHARP-%E3%80%8C%E3%83%97%E3%83%A9%E3%82%BA%E3%83%9E%E3%82%AF%E3%83%A9%E3%82%B9%E3%82%BF%E3%83%BC7000%E3%80%8D%E6%90%AD%E8%BC%89-PJ-L3AS-W/dp/B087JPC1NB/ref=zg_bs_kitchen_76?_encoding=UTF8&psc=1&refRID=0B9MM8VY0FNTS11SW2G5,シャープ プラズマクラスター搭載 リビングファン ACタイプ ホワイト系 (リモコン付)PJ-L3AS-W,7280,5月30日 日曜日,シャープ
アイリスオーヤマ LED電球 口金直径26mm 広配光 40W形相当 昼光色 密閉器具対応…,https://www.amazon.co.jp/%E3%82%A2%E3%82%A4%E3%83%AA%E3%82%B9%E3%82%AA%E3%83%BC%E3%83%A4%E3%83%9E-%E5%8F%A3%E9%87%91%E7%9B%B4%E5%BE%8426mm-40W%E5%BD%A2%E7%9B%B8%E5%BD%93-%E5%AF%86%E9%96%89%E5%99%A8%E5%85%B7%E5%AF%BE%E5%BF%9C-LDA4D-G-4T6/dp/B07PY1XFW5/ref=zg_bs_kitchen_77?_encoding=UTF8&psc=1&refRID=0B9MM8VY0FNTS11SW2G5,アイリスオーヤマ LED電球 口金直径26mm 広配光 40W形相当 昼光色 密閉器具対応 LDA4D-G-4T6,384,5月30日 日曜日,B07PY1XFW5
ヨシカワ ホットサンドメーカー 焼き目がサクサク シングル フッ素加工 ななめ焼き目 ガス火…,https://www.amazon.co.jp/%E3%83%A8%E3%82%B7%E3%82%AB%E3%83%AF-%E3%83%9B%E3%83%83%E3%83%88%E3%82%B5%E3%83%B3%E3%83%89%E3%83%A1%E3%83%BC%E3%82%AB%E3%83%BC-%E7%84%BC%E3%81%8D%E7%9B%AE%E3%81%8C%E3%82%B5%E3%82%AF%E3%82%B5%E3%82%AF-%E3%82%AC%E3%82%B9%E7%81%AB%E5%B0%82%E7%94%A8-SJ2408/dp/B01MZ203IG/ref=zg_bs_kitchen_78?_encoding=UTF8&psc=1&refRID=0B9MM8VY0FNTS11SW2G5,ヨシカワ ホットサンドメーカー 焼き目がサクサク シングル フッ素加工 ななめ焼き目 ガス火専用 SJ2408,1473,5月30日 日曜日,B01MZ203IG
パナソニック ボディトリマー お風呂剃り可 海外対応 男性用 シルバー調 ER-GK81-S,https://www.amazon.co.jp/%E3%83%91%E3%83%8A%E3%82%BD%E3%83%8B%E3%83%83%E3%82%AF-%E3%83%9C%E3%83%87%E3%82%A3%E3%83%88%E3%83%AA%E3%83%9E%E3%83%BC-%E3%81%8A%E9%A2%A8%E5%91%82%E5%89%83%E3%82%8A%E5%8F%AF-%E3%82%B7%E3%83%AB%E3%83%90%E3%83%BC%E8%AA%BF-ER-GK81-S/dp/B088G4DSY5/ref=zg_bs_kitchen_79?_encoding=UTF8&psc=1&refRID=0B9MM8VY0FNTS11SW2G5,パナソニック ボディトリマー お風呂剃り可 海外対応 男性用 シルバー調 ER-GK81-S,8564,6月11日 - 28日,B088G4DSY5
[KOCOTA] 抗菌防臭素材 スリッパ サンダル 超軽量 滑り止め 男女兼用,https://www.amazon.co.jp/KOCOTA-%E6%8A%97%E8%8F%8C%E9%98%B2%E8%87%AD%E7%B4%A0%E6%9D%90-%E3%82%B9%E3%83%AA%E3%83%83%E3%83%91-%E3%82%B5%E3%83%B3%E3%83%80%E3%83%AB-%E6%BB%91%E3%82%8A%E6%AD%A2%E3%82%81/dp/B07QXHY6R3/ref=zg_bs_kitchen_80?_encoding=UTF8&psc=1&refRID=0B9MM8VY0FNTS11SW2G5,[KOCOTA] 抗菌防臭素材 スリッパ サンダル 超軽量 滑り止め 男女兼用,1380,5月30日 日曜日,K812F
【Amazon.co.jp限定】 レック 激落ちくん マイクロファイバー クロス 20枚入 (20×30cm)…,https://www.amazon.co.jp/%E3%80%90Amazon-co-jp%E9%99%90%E5%AE%9A%E3%80%91-%E3%83%AC%E3%83%83%E3%82%AF-%E3%83%9E%E3%82%A4%E3%82%AF%E3%83%AD%E3%83%95%E3%82%A1%E3%82%A4%E3%83%90%E3%83%BC-%E3%81%8A%E3%81%9D%E3%81%86%E3%81%98%E3%82%B9%E3%83%AA%E3%83%83%E3%83%91-S-815%E3%80%90%E3%82%BB%E3%83%83%E3%83%88%E8%B2%B7%E3%81%84%E3%80%91/dp/B08D75XGBL/ref=zg_bs_kitchen_81?_encoding=UTF8&psc=1&refRID=0B9MM8VY0FNTS11SW2G5,【Amazon.co.jp限定】 レック 激落ちくん マイクロファイバー クロス 20枚入 (20×30cm) ベージュ&ホワイト & 激落ち おそうじスリッパ ( Lサイズ ) ネイビー S-815【セット買い】,1402,本日,
Hansleep カーテン 1級遮光 2枚組 イェロー 幅100cm丈110cm 小窓 断熱 防寒 防音 省エ…,https://www.amazon.co.jp/Hansleep-%E3%82%AB%E3%83%BC%E3%83%86%E3%83%B3-1%E7%B4%9A%E9%81%AE%E5%85%89-%E5%B9%85100cm%E4%B8%88110cm-%E3%83%AA%E3%83%93%E3%83%B3%E3%82%B0%E7%94%A8/dp/B08JD6845Q/ref=zg_bs_kitchen_82?_encoding=UTF8&psc=1&refRID=0B9MM8VY0FNTS11SW2G5,Hansleep カーテン 1級遮光 2枚組 イェロー 幅100cm丈110cm 小窓 断熱 防寒 防音 省エネ 厚手 無地 おしゃれ 洗える 寝室 リビング用,2080,5月30日 日曜日,B08JD6845Q
シャープ ヘアドライヤー プラズマクラスター搭載 アンティークゴールド IB-GP9-N,https://www.amazon.co.jp/%E3%82%B7%E3%83%A3%E3%83%BC%E3%83%97-%E3%83%98%E3%82%A2%E3%83%89%E3%83%A9%E3%82%A4%E3%83%A4%E3%83%BC-%E3%83%97%E3%83%A9%E3%82%BA%E3%83%9E%E3%82%AF%E3%83%A9%E3%82%B9%E3%82%BF%E3%83%BC%E6%90%AD%E8%BC%89-%E3%82%A2%E3%83%B3%E3%83%86%E3%82%A3%E3%83%BC%E3%82%AF%E3%82%B4%E3%83%BC%E3%83%AB%E3%83%89-IB-GP9-N/dp/B01MDP6EX7/ref=zg_bs_kitchen_83?_encoding=UTF8&psc=1&refRID=0B9MM8VY0FNTS11SW2G5,シャープ ヘアドライヤー プラズマクラスター搭載 アンティークゴールド IB-GP9-N,7480,5月30日 日曜日,B01MDP6EX7
スケーター ステンレスカッター式 バターケース バターナイフ付 日本製 BTG2DX & ふわふわ…,https://www.amazon.co.jp/%E3%82%B9%E3%82%B1%E3%83%BC%E3%82%BF%E3%83%BC-%E3%82%B9%E3%83%86%E3%83%B3%E3%83%AC%E3%82%B9%E3%82%AB%E3%83%83%E3%82%BF%E3%83%BC%E5%BC%8F-%E3%83%90%E3%82%BF%E3%83%BC%E3%83%8A%E3%82%A4%E3%83%95%E4%BB%98-%E3%81%B5%E3%82%8F%E3%81%B5%E3%82%8F%E3%83%90%E3%82%BF%E3%83%BC%E3%83%8A%E3%82%A4%E3%83%95-SNBT2%E3%80%90%E3%82%BB%E3%83%83%E3%83%88%E8%B2%B7%E3%81%84%E3%80%91/dp/B08TDFT98K/ref=zg_bs_kitchen_84?_encoding=UTF8&psc=1&refRID=0B9MM8VY0FNTS11SW2G5,スケーター ステンレスカッター式 バターケース バターナイフ付 日本製 BTG2DX & ふわふわバターナイフ 日本製 SNBT2【セット買い】,2085,"明日5月 29日, 8AM-12PM",
東洋アルミ(TOYO ALUMINIUM) ほこり取り ホワイト 5個 パッと貼るだけ! ホコリとりフィ…,https://www.amazon.co.jp/%E6%9D%B1%E6%B4%8B%E3%82%A2%E3%83%AB%E3%83%9F-ALUMINIUM-%E3%83%9B%E3%82%B3%E3%83%AA%E3%81%A8%E3%82%8A%E3%83%95%E3%82%A3%E3%83%AB%E3%82%BF%E3%83%BC-%E6%95%B4%E6%B5%81%E6%9D%BF%E4%BB%98%E5%B0%82%E7%94%A8%E3%83%91%E3%83%83%E3%81%A8%E8%B2%BC%E3%82%8B%E3%81%A0%E3%81%91%E3%82%B9%E3%83%BC%E3%83%91%E3%83%BC%E3%83%95%E3%82%A3%E3%83%AB%E3%82%BF%E3%83%BC-3074%E3%80%90%E3%82%BB%E3%83%83%E3%83%88%E8%B2%B7%E3%81%84%E3%80%91/dp/B08TDHWSBY/ref=zg_bs_kitchen_85?_encoding=UTF8&psc=1&refRID=0B9MM8VY0FNTS11SW2G5,東洋アルミ(TOYO ALUMINIUM) ほこり取り ホワイト 5個 パッと貼るだけ! ホコリとりフィルター 換気扇用 5個セット & 整流板付専用パッと貼るだけスーパーフィルター 3074【セット買い】,2049,本日,
K&A みじん切り器 ふたも洗える ぶんぶんチョッパー ホワイト BBC-01,https://www.amazon.co.jp/K-%E3%81%BF%E3%81%98%E3%82%93%E5%88%87%E3%82%8A%E5%99%A8-%E3%81%B5%E3%81%9F%E3%82%82%E6%B4%97%E3%81%88%E3%82%8B-%E3%81%B6%E3%82%93%E3%81%B6%E3%82%93%E3%83%81%E3%83%A7%E3%83%83%E3%83%91%E3%83%BC-BBC-01/dp/B00WDZYLT6/ref=zg_bs_kitchen_86?_encoding=UTF8&psc=1&refRID=0B9MM8VY0FNTS11SW2G5,K&A みじん切り器 ふたも洗える ぶんぶんチョッパー ホワイト BBC-01,909,5月30日 日曜日,ケイ・アンド・エー(K&A)
貝印 KAI ピーラー(皮むき器) SELECT100 I型 DH3001,https://www.amazon.co.jp/%E8%B2%9D%E5%8D%B0-KAI-%E3%83%94%E3%83%BC%E3%83%A9%E3%83%BC-SELECT100-DH3001/dp/B0009WCIE0/ref=zg_bs_kitchen_87?_encoding=UTF8&psc=1&refRID=0B9MM8VY0FNTS11SW2G5,貝印 KAI ピーラー(皮むき器) SELECT100 I型 DH3001,793,5月30日 日曜日,B0009WCIE0
"アイリスオーヤマ ハンディ 強力 布団クリーナー ダニ・ちりセンサー搭載 たたき 約5,800…",https://www.amazon.co.jp/%E3%82%A2%E3%82%A4%E3%83%AA%E3%82%B9%E3%82%AA%E3%83%BC%E3%83%A4%E3%83%9E-%E5%B8%83%E5%9B%A3%E3%82%AF%E3%83%AA%E3%83%BC%E3%83%8A%E3%83%BC-%E3%83%80%E3%83%8B%E3%83%BB%E3%81%A1%E3%82%8A%E3%82%BB%E3%83%B3%E3%82%B5%E3%83%BC%E6%90%AD%E8%BC%89-800%E5%9B%9E-%E5%88%86IC-FAC2-W/dp/B07H4MYMP9/ref=zg_bs_kitchen_88?_encoding=UTF8&psc=1&refRID=0B9MM8VY0FNTS11SW2G5,"アイリスオーヤマ ハンディ 強力 布団クリーナー ダニ・ちりセンサー搭載 たたき 約5,800回/分 IC-FAC2-W",6848,5月30日 日曜日,B07H4MYMP9
アイリスプラザ レースカーテン UVカット プライバシーカット 外から見えにくい 断熱 保温…,https://www.amazon.co.jp/%E3%80%90%E5%85%A830%E7%A8%AE%E3%80%91%E3%83%AC%E3%83%BC%E3%82%B9%E3%82%AB%E3%83%BC%E3%83%86%E3%83%B3-UV%E3%82%AB%E3%83%83%E3%83%88-%E5%A4%96%E3%81%8B%E3%82%89%E8%A6%8B%E3%81%88%E3%81%AB%E3%81%8F%E3%81%84-%E5%B9%85100cm%C3%97%E4%B8%8898cm-%E3%83%95%E3%83%A9%E3%83%AF%E3%83%BC/dp/B074C7FDZC/ref=zg_bs_kitchen_89?_encoding=UTF8&psc=1&refRID=0B9MM8VY0FNTS11SW2G5,アイリスプラザ レースカーテン UVカット プライバシーカット 外から見えにくい 断熱 保温 2枚組 洗える 洗濯機対応 幅100cm×丈98cm フラワー,1981,5月30日 日曜日,B074C7FDZC
【2021進化版】 自撮り棒 Bluetooth セルカ棒 軽量 無線 三脚/一脚兼用 360度回転 7段伸縮…,https://www.amazon.co.jp/%E3%80%902019%E9%80%B2%E5%8C%96%E7%89%88%E3%80%91-Bluetooth-%E6%8C%81%E3%81%A1%E9%81%8B%E3%81%B3%E3%81%AB%E4%BE%BF%E5%88%A9-iPhoneX-iPhone8/dp/B07QCN6G38/ref=zg_bs_kitchen_90?_encoding=UTF8&psc=1&refRID=0B9MM8VY0FNTS11SW2G5,【2021進化版】 自撮り棒 Bluetooth セルカ棒 軽量 無線 三脚/一脚兼用 360度回転 7段伸縮 Bluetooth リモコン 折りたたみ 持ち運びに便利 iPhoneX iPhone8 iPhone7 iPhone/Android スマホ等対応,2099,5月30日 日曜日,"Zhongshan Yunteng Photographic Equipment Co., Ltd."
蝶プラ工業 中判用ペーパータオルケース レギュラー,https://www.amazon.co.jp/%E8%9D%B6%E3%83%97%E3%83%A9%E5%B7%A5%E6%A5%AD-Chopla-KTEC-cVIRE-ds-1097677-%E3%83%9A%E3%83%BC%E3%83%91%E3%83%BC%E3%82%BF%E3%82%AA%E3%83%AB%E3%82%B1%E3%83%BC%E3%82%B9/dp/B000DZB70O/ref=zg_bs_kitchen_91?_encoding=UTF8&psc=1&refRID=0B9MM8VY0FNTS11SW2G5,蝶プラ工業 中判用ペーパータオルケース レギュラー,601,5月30日 日曜日,蝶プラ工業
クイックルミニワイパー(トイレクイックルニオイ予防シトラスミントの香り1枚入りが同梱)…,https://www.amazon.co.jp/%E3%82%AF%E3%82%A4%E3%83%83%E3%82%AF%E3%83%AB-%E3%82%AF%E3%82%A4%E3%83%83%E3%82%AF%E3%83%AB%E3%83%9F%E3%83%8B%E3%83%AF%E3%82%A4%E3%83%91%E3%83%BC-%E3%83%88%E3%82%A4%E3%83%AC%E3%82%AF%E3%82%A4%E3%83%83%E3%82%AF%E3%83%AB%E3%83%8B%E3%82%AA%E3%82%A4%E4%BA%88%E9%98%B2%E3%82%B7%E3%83%88%E3%83%A9%E3%82%B9%E3%83%9F%E3%83%B3%E3%83%88%E3%81%AE%E9%A6%99%E3%82%8A1%E6%9E%9A%E5%85%A5%E3%82%8A%E3%81%8C%E5%90%8C%E6%A2%B1-%E3%81%B2%E3%81%96%E3%82%92%E3%81%A4%E3%81%8B%E3%81%9A%E3%81%AB%E3%83%A9%E3%82%AF%E3%83%A9%E3%82%AF%E3%81%8D%E3%82%8C%E3%81%84/dp/B08GKKWR7Q/ref=zg_bs_kitchen_92?_encoding=UTF8&psc=1&refRID=0B9MM8VY0FNTS11SW2G5,クイックルミニワイパー(トイレクイックルニオイ予防シトラスミントの香り1枚入りが同梱)ひざをつかずにラクラクきれい!,1485,5月30日 日曜日,B08GKKWR7Q
IKSTAR クッション 低反発 座布団 座り心地抜群 とって付き プレゼント 持ち運ぶ便利 ブラ…,https://www.amazon.co.jp/IKSTAR-%E3%82%AF%E3%83%83%E3%82%B7%E3%83%A7%E3%83%B3-%E8%85%B0%E6%A5%BD%E3%82%AF%E3%83%83%E3%82%B7%E3%83%A7%E3%83%B3-%E5%BA%A7%E3%82%8A%E5%BF%83%E5%9C%B0%E6%8A%9C%E7%BE%A4-%E6%8C%81%E3%81%A1%E9%81%8B%E3%81%B6%E4%BE%BF%E5%88%A9/dp/B07K1PFTJS/ref=zg_bs_kitchen_93?_encoding=UTF8&psc=1&refRID=0B9MM8VY0FNTS11SW2G5,IKSTAR クッション 低反発 座布団 座り心地抜群 とって付き プレゼント 持ち運ぶ便利 ブラック,2999,5月30日 日曜日,IKSTAR
VK Living カーペット ラグ 洗える 滑り止め付 防ダニ 抗菌 防臭 135×185cm(約1.5畳) 12…,https://www.amazon.co.jp/135%C3%97185cm-%E3%83%9B%E3%83%83%E3%83%88%E3%82%AB%E3%83%BC%E3%83%9A%E3%83%83%E3%83%88%E5%AF%BE%E5%BF%9C-%E3%83%88%E3%83%A9%E3%82%A4%E3%82%A2%E3%83%B3%E3%82%B0%E3%83%AB%E6%9F%84%E3%83%BB%E3%82%B0%E3%83%AC%E3%83%BC-VK-Living/dp/B07H79F7S2/ref=zg_bs_kitchen_94?_encoding=UTF8&psc=1&refRID=0B9MM8VY0FNTS11SW2G5,VK Living カーペット ラグ 洗える 滑り止め付 防ダニ 抗菌 防臭 135×185cm(約1.5畳) 12色選べる 1年中使えるタイプ 北欧 ふわっと手触り 優しいフランネルラグ 絨毯 トライアングル柄・グレー,,5月30日 日曜日,Vanking
HARIO (ハリオ) フィルターイン コーヒーボトル 650ml ショコラブラウン FIC-70 CBR &…,https://www.amazon.co.jp/HARIO-%E3%83%8F%E3%83%AA%E3%82%AA-%E3%82%B7%E3%83%A7%E3%82%B3%E3%83%A9%E3%83%96%E3%83%A9%E3%82%A6%E3%83%B3-%E3%83%95%E3%82%A3%E3%83%AB%E3%82%BF%E3%83%BC%E3%82%A4%E3%83%B3%E3%83%9C%E3%83%88%E3%83%AB-FIB-75-OG%E3%80%90%E3%82%BB%E3%83%83%E3%83%88%E8%B2%B7%E3%81%84%E3%80%91/dp/B081GRGHTZ/ref=zg_bs_kitchen_95?_encoding=UTF8&psc=1&refRID=0B9MM8VY0FNTS11SW2G5,HARIO (ハリオ) フィルターイン コーヒーボトル 650ml ショコラブラウン FIC-70 CBR & (ハリオ) フィルターインボトル 750ml オリーブグリーン FIB-75-OG【セット買い】,3045,6月5日 - 9日,
クイックルハンディ替え 大容量パック 12枚,https://www.amazon.co.jp/%E3%82%AF%E3%82%A4%E3%83%83%E3%82%AF%E3%83%AB-%E3%82%AF%E3%82%A4%E3%83%83%E3%82%AF%E3%83%AB%E3%83%8F%E3%83%B3%E3%83%87%E3%82%A3%E6%9B%BF%E3%81%88-%E5%A4%A7%E5%AE%B9%E9%87%8F%E3%83%91%E3%83%83%E3%82%AF-12%E6%9E%9A/dp/B07GQPQTJG/ref=zg_bs_kitchen_96?_encoding=UTF8&psc=1&refRID=0B9MM8VY0FNTS11SW2G5,クイックルハンディ替え 大容量パック 12枚,979,,B07GQPQTJG
アイリスオーヤマ サーキュレーター アイ 静音 上下左右首振り 18畳 パワフル送風 リモコン…,https://www.amazon.co.jp/%E3%82%A2%E3%82%A4%E3%83%AA%E3%82%B9%E3%82%AA%E3%83%BC%E3%83%A4%E3%83%9E-%E3%82%B5%E3%83%BC%E3%82%AD%E3%83%A5%E3%83%AC%E3%83%BC%E3%82%BF%E3%83%BC-%E5%BC%B7%E5%8A%9B%E9%80%81%E9%A2%A8-%E4%B8%8A%E4%B8%8B%E5%B7%A6%E5%8F%B3%E9%A6%96%E6%8C%AF%E3%82%8A-PCF-SC15T/dp/B079LWYC17/ref=zg_bs_kitchen_97?_encoding=UTF8&psc=1&refRID=0B9MM8VY0FNTS11SW2G5,アイリスオーヤマ サーキュレーター アイ 静音 上下左右首振り 18畳 パワフル送風 リモコン付き PCF-SC15T ホワイト/ブラック,6681,5月30日 日曜日,B079LWYC17
【2020最新版】LaHuko クッション ゲルクッション 二重無重力 超通気 ハニカム構造 夏用…,https://www.amazon.co.jp/%E3%80%902020%E6%9C%80%E6%96%B0%E7%89%88%E3%80%91LaHuko-%E3%82%B2%E3%83%AB%E3%82%AF%E3%83%83%E3%82%B7%E3%83%A7%E3%83%B3-%E3%83%8F%E3%83%8B%E3%82%AB%E3%83%A0%E6%A7%8B%E9%80%A0-%E3%82%B2%E3%83%BC%E3%83%9F%E3%83%B3%E3%82%B0%E3%83%81%E3%82%A7%E3%82%A2-%E6%B4%97%E3%81%88%E3%82%8B%E3%82%AB%E3%83%90%E3%83%BC%E4%BB%98%E3%81%8D/dp/B08CRQTMZ7/ref=zg_bs_kitchen_98?_encoding=UTF8&psc=1&refRID=0B9MM8VY0FNTS11SW2G5,【2020最新版】LaHuko クッション ゲルクッション 二重無重力 超通気 ハニカム構造 夏用冬用 蒸れない 座り心地抜群 両面使用可能 在宅勤務 テレワーク オフィス 自宅 車 ゲーミングチェア 椅子用 四季通用 座布団 洗えるカバー付き,,5月30日 日曜日,B08CRQTMZ7
アイリスオーヤマ フライパン 鍋 セット フライパンセット ガス火 IH対応 4点 ダイヤモンド…,https://www.amazon.co.jp/%E3%82%A2%E3%82%A4%E3%83%AA%E3%82%B9%E3%82%AA%E3%83%BC%E3%83%A4%E3%83%9E-%E3%83%95%E3%83%A9%E3%82%A4%E3%83%91%E3%83%B3-%E3%83%80%E3%82%A4%E3%83%A4%E3%83%A2%E3%83%B3%E3%83%89%E3%82%B3%E3%83%BC%E3%83%88-%E3%81%93%E3%81%B3%E3%82%8A%E3%81%A4%E3%81%8B%E3%81%9A%E3%81%AB%E3%81%8A%E6%89%8B%E5%85%A5%E3%82%8C%E7%B0%A1%E5%8D%98-TF-SE4/dp/B081RWQRBN/ref=zg_bs_kitchen_99?_encoding=UTF8&psc=1&refRID=0B9MM8VY0FNTS11SW2G5,アイリスオーヤマ フライパン 鍋 セット フライパンセット ガス火 IH対応 4点 ダイヤモンドコート ダイヤモンドコートパン 取っ手のとれる ブラック 軽量 こびりつかずにお手入れ簡単 TF-SE4,3045,5月30日 日曜日,B081RWQRBN
アイリスオーヤマ 衣類乾燥除湿機 スピード乾燥 サーキュレーター機能付 デシカント式 ホワ…,https://www.amazon.co.jp/%E3%82%A2%E3%82%A4%E3%83%AA%E3%82%B9%E3%82%AA%E3%83%BC%E3%83%A4%E3%83%9E-%E8%A1%A3%E9%A1%9E%E4%B9%BE%E7%87%A5%E9%99%A4%E6%B9%BF%E6%A9%9F-%E3%82%B9%E3%83%94%E3%83%BC%E3%83%89%E4%B9%BE%E7%87%A5-%E3%82%B5%E3%83%BC%E3%82%AD%E3%83%A5%E3%83%AC%E3%83%BC%E3%82%BF%E3%83%BC%E6%A9%9F%E8%83%BD%E4%BB%98-IJD-I50/dp/B07RVT4BK3/ref=zg_bs_kitchen_100?_encoding=UTF8&psc=1&refRID=0B9MM8VY0FNTS11SW2G5,アイリスオーヤマ 衣類乾燥除湿機 スピード乾燥 サーキュレーター機能付 デシカント式 ホワイト IJD-I50,19778,5月30日 日曜日,B07RVT4BK3
